"url","routeType","qualityClass","originalStatus","originalFinalDestination","originalCanonical","originalRobots","originalXRobots","originalSitemap","finalStatus","finalFinalDestination","finalCanonical","finalRobots","finalXRobots","finalSitemap","googleIndexStatus","lastCrawl","gscClicks","gscImpressions","meaningfulContentWithoutInteraction","title","metaDescription","h1","pagePurpose","intendedAudience","primarySearchIntent","substantiveDepth","visibleAuthorship","publishedOrUpdatedDate","citations","internalLinksInOriginal","internalLinksOutOriginal","internalLinksInFinal","internalLinksOutFinal","structuredData","duplicationOrOverlap","completeness","originalAnalysisOrFirsthandExpertise","disposition","adsenseRisk"
"https://communityacquiredfinance.com/","hub","3. Legitimate navigational or trust page","200","https://communityacquiredfinance.com/","https://communityacquiredfinance.com/","index, follow, max-image-preview:large","","yes","200 expected","https://communityacquiredfinance.com/","https://communityacquiredfinance.com/","index, follow, max-image-preview:large","","yes","URL-level status unavailable; coverage export is aggregate only","unavailable in attached exports","0","3","yes","Financial Clarity from Retirement to Healthcare Costs | Community Acquired Finance","Plain-English guides and calculators for retirement, investing, workplace benefits, insurance, medical bills, Medicare, and Medicaid—with an RN's healthcare perspective.","Make the next money or healthcare decision clearer.","Plain-English guides and calculators for retirement, investing, workplace benefits, insurance, medical bills, Medicare, and Medicaid—with an RN's healthcare perspective.","patients, families, and caregivers","navigate or use a supporting resource","421 visible words","visible","not visible","0","168","24","162","24","CollectionPage; Organization; WebSite","no exact metadata duplication detected","complete for final disposition","visible RN authorship or founder perspective","retain","low"
"https://communityacquiredfinance.com/404","error route","8. Technical or error route","404","https://communityacquiredfinance.com/adsense-readiness-nonexistent-route","https://communityacquiredfinance.com/__not-found__","noindex, nofollow","","no","404 expected","https://communityacquiredfinance.com/404","https://communityacquiredfinance.com/__not-found__","noindex, nofollow","","no","URL-level status unavailable; coverage export is aggregate only","unavailable in attached exports","0","0","not verified","Page Not Found | Community Acquired Finance","The requested page could not be found.","The link may be old. Your next step is still here.","The requested page could not be found.","general public","navigate or use a supporting resource","55 visible words","not visible","not visible","0","0","23","0","23","none","no exact metadata duplication detected","complete for final disposition","not applicable or not visibly asserted","noindex","low after remediation"
"https://communityacquiredfinance.com/about","trust","3. Legitimate navigational or trust page","200","https://communityacquiredfinance.com/about","https://communityacquiredfinance.com/about","index, follow, max-image-preview:large","","yes","200 expected","https://communityacquiredfinance.com/about","https://communityacquiredfinance.com/about","index, follow, max-image-preview:large","","yes","URL-level status unavailable; coverage export is aggregate only","unavailable in attached exports","2","31","yes","About Community Acquired Finance","Learn why Andrew Ciccarelli, BSN, RN created an RN-led financial literacy resource for healthcare workers, patients, families, and caregivers.","Healthcare money explained by someone who sees the confusion up close.","Learn why Andrew Ciccarelli, BSN, RN created an RN-led financial literacy resource for healthcare workers, patients, families, and caregivers.","healthcare workers","verify publisher trust and terms","1532 visible words","visible","not visible","50","168","23","162","23","BreadcrumbList; WebPage","no exact metadata duplication detected","complete for final disposition","visible RN authorship or founder perspective","retain","low"
"https://communityacquiredfinance.com/access-processing","private application","8. Technical or error route","200","https://communityacquiredfinance.com/access-processing","https://communityacquiredfinance.com/access-processing","noindex, nofollow, noarchive","noindex, nofollow, noarchive","no","200 expected","https://communityacquiredfinance.com/access-processing","https://communityacquiredfinance.com/access-processing","noindex, nofollow, noarchive","noindex, nofollow, noarchive","no","excluded by final noindex","unavailable in attached exports","0","0","not verified","Access Processing | Community Acquired Finance","Check server-verified product access status.","Access is processing","Check server-verified product access status.","authenticated account users","navigate or use a supporting resource","17 visible words","not visible","not visible","0","0","1","0","1","none","supporting or printable variant removed from index","complete for final disposition","not applicable or not visibly asserted","noindex","low after remediation"
"https://communityacquiredfinance.com/accessibility","trust","3. Legitimate navigational or trust page","200","https://communityacquiredfinance.com/accessibility","https://communityacquiredfinance.com/accessibility","index, follow, max-image-preview:large","","yes","200 expected","https://communityacquiredfinance.com/accessibility","https://communityacquiredfinance.com/accessibility","index, follow, max-image-preview:large","","yes","URL-level status unavailable; coverage export is aggregate only","unavailable in attached exports","0","15","yes","Accessibility Statement | Community Acquired Finance","Read the Community Acquired Finance accessibility statement and contact information for reporting barriers.","Accessibility Statement","Read the Community Acquired Finance accessibility statement and contact information for reporting barriers.","all visitors and reviewers","verify publisher trust and terms","358 visible words","not visible","July 29, 2026","0","168","23","162","23","BreadcrumbList; WebPage","no exact metadata duplication detected","complete for final disposition","not applicable or not visibly asserted","strengthen","low"
"https://communityacquiredfinance.com/account","private application","8. Technical or error route","200","https://communityacquiredfinance.com/account","https://communityacquiredfinance.com/account","noindex, nofollow, noarchive","noindex, nofollow, noarchive","no","200 expected","https://communityacquiredfinance.com/account","https://communityacquiredfinance.com/account","noindex, nofollow, noarchive","noindex, nofollow, noarchive","no","excluded by final noindex","unavailable in attached exports","0","0","not verified","Account | Community Acquired Finance","Manage secure Community Acquired Finance account access.","Account","Manage secure Community Acquired Finance account access.","authenticated account users","navigate or use a supporting resource","7 visible words","not visible","not visible","0","0","1","0","1","none","supporting or printable variant removed from index","complete for final disposition","not applicable or not visibly asserted","noindex","low after remediation"
"https://communityacquiredfinance.com/ads.txt","technical resource","8. Technical or error route","200","https://communityacquiredfinance.com/ads.txt","","","","no","200 expected","https://communityacquiredfinance.com/ads.txt","","","","no","URL-level status unavailable; coverage export is aggregate only","unavailable in attached exports","0","0","not verified","","","","technical resource for Community Acquired Finance visitors","general public","navigate or use a supporting resource","0 visible words","not applicable","not visible","0","0","0","0","0","none","no exact metadata duplication detected","manual verification required","not applicable or not visibly asserted","retain","low"
"https://communityacquiredfinance.com/app","private application","8. Technical or error route","307","/app/benefits-decision","","","","no","not applicable","https://communityacquiredfinance.com/app","https://communityacquiredfinance.com/app","noindex, nofollow, noarchive","noindex, nofollow, noarchive","no","excluded by final noindex","unavailable in attached exports","0","0","not verified","","","Redirecting (307)","private application for Community Acquired Finance visitors","authenticated account users","navigate or use a supporting resource","0 visible words","not applicable","not visible","0","0","1","0","0","none","no exact metadata duplication detected","complete for final disposition","not applicable or not visibly asserted","noindex","low after remediation"
"https://communityacquiredfinance.com/app/benefits-decision","private application","8. Technical or error route","200","https://communityacquiredfinance.com/app/benefits-decision","https://communityacquiredfinance.com/app/benefits-decision","noindex, nofollow, noarchive","noindex, nofollow, noarchive","no","200 expected","https://communityacquiredfinance.com/app/benefits-decision","https://communityacquiredfinance.com/app/benefits-decision","noindex, nofollow, noarchive","noindex, nofollow, noarchive","no","excluded by final noindex","unavailable in attached exports","0","0","not verified","Benefits Decision Application | Community Acquired Finance","Private account-based decision workspace.","Checking secure access","Private account-based decision workspace.","authenticated account users","navigate or use a supporting resource","23 visible words","not visible","not visible","0","2","0","0","0","none","no exact metadata duplication detected","complete for final disposition","not applicable or not visibly asserted","noindex","low after remediation"
"https://communityacquiredfinance.com/app/benefits-decision/new","private application","8. Technical or error route","200","https://communityacquiredfinance.com/app/benefits-decision/new","https://communityacquiredfinance.com/app/benefits-decision/new","noindex, nofollow, noarchive","noindex, nofollow, noarchive","no","200 expected","https://communityacquiredfinance.com/app/benefits-decision/new","https://communityacquiredfinance.com/app/benefits-decision/new","noindex, nofollow, noarchive","noindex, nofollow, noarchive","no","excluded by final noindex","unavailable in attached exports","0","0","not verified","Benefits Decision Application | Community Acquired Finance","Private account-based decision workspace.","Checking secure access","Private account-based decision workspace.","authenticated account users","navigate or use a supporting resource","23 visible words","not visible","not visible","0","0","0","0","0","none","no exact metadata duplication detected","complete for final disposition","not applicable or not visibly asserted","noindex","low after remediation"
"https://communityacquiredfinance.com/articles","directory","3. Legitimate navigational or trust page","200","https://communityacquiredfinance.com/articles","https://communityacquiredfinance.com/articles","index, follow, max-image-preview:large","","yes","200 expected","https://communityacquiredfinance.com/articles","https://communityacquiredfinance.com/articles","index, follow, max-image-preview:large","","yes","URL-level status unavailable; coverage export is aggregate only","unavailable in attached exports","0","30","yes","Financial Education Articles | Community Acquired Finance","Browse source-backed articles about retirement, investing, credit, workplace benefits, insurance, medical bills, Medicare, Medicaid, and healthcare finances.","Short, honest reads.","Browse source-backed articles about retirement, investing, credit, workplace benefits, insurance, medical bills, Medicare, Medicaid, and healthcare finances.","patients, families, and caregivers","navigate or use a supporting resource","2436 visible words","not visible","not visible","0","168","94","162","94","BreadcrumbList; CollectionPage","no exact metadata duplication detected","complete for final disposition","not applicable or not visibly asserted","retain","low"
"https://communityacquiredfinance.com/articles/accident-critical-illness-hospital-indemnity-open-enrollment","article","1. Strong standalone educational resource","200","https://communityacquiredfinance.com/articles/accident-critical-illness-hospital-indemnity-open-enrollment","https://communityacquiredfinance.com/articles/accident-critical-illness-hospital-indemnity-open-enrollment","index, follow, max-image-preview:large","","yes","200 expected","https://communityacquiredfinance.com/articles/accident-critical-illness-hospital-indemnity-open-enrollment","https://communityacquiredfinance.com/articles/accident-critical-illness-hospital-indemnity-open-enrollment","index, follow, max-image-preview:large","","yes","URL-level status unavailable; coverage export is aggregate only","unavailable in attached exports","0","64","yes","Accident vs. Critical Illness vs. Hospital Indemnity Insurance | Community Acquired Finance","Compare accident, critical illness, and hospital indemnity insurance by benefit trigger, payout, exclusions, and fit with your health plan.","Accident vs. Critical Illness vs. Hospital Indemnity Insurance","Compare accident, critical illness, and hospital indemnity insurance by benefit trigger, payout, exclusions, and fit with your health plan.","patients, families, and caregivers","learn and prepare next steps","1065 visible words","visible","not visible","2","11","30","11","30","Article; BreadcrumbList","no exact metadata duplication detected","complete for final disposition","visible RN authorship or founder perspective","retain","low"
"https://communityacquiredfinance.com/articles/allowed-amount-medical-bills","article","1. Strong standalone educational resource","200","https://communityacquiredfinance.com/articles/allowed-amount-medical-bills","https://communityacquiredfinance.com/articles/allowed-amount-medical-bills","index, follow, max-image-preview:large","","yes","200 expected","https://communityacquiredfinance.com/articles/allowed-amount-medical-bills","https://communityacquiredfinance.com/articles/allowed-amount-medical-bills","index, follow, max-image-preview:large","","yes","URL-level status unavailable; coverage export is aggregate only","unavailable in attached exports","0","0","yes","Allowed Amount: The Number That Actually Matters on a Medical Bill | Community Acquired Finance","Learn why the billed charge is not always the number your insurance uses to calculate your share.","Allowed Amount: The Number That Actually Matters on a Medical Bill","Learn why the billed charge is not always the number your insurance uses to calculate your share.","general public","learn and prepare next steps","782 visible words","visible","not visible","3","5","27","5","27","Article; BreadcrumbList","no exact metadata duplication detected","complete for final disposition","visible RN authorship or founder perspective","retain","low"
"https://communityacquiredfinance.com/articles/backup-care-plans-for-busy-healthcare-workers","article","1. Strong standalone educational resource","200","https://communityacquiredfinance.com/articles/backup-care-plans-for-busy-healthcare-workers","https://communityacquiredfinance.com/articles/backup-care-plans-for-busy-healthcare-workers","index, follow, max-image-preview:large","","yes","200 expected","https://communityacquiredfinance.com/articles/backup-care-plans-for-busy-healthcare-workers","https://communityacquiredfinance.com/articles/backup-care-plans-for-busy-healthcare-workers","index, follow, max-image-preview:large","","yes","URL-level status unavailable; coverage export is aggregate only","unavailable in attached exports","0","10","yes","Backup Childcare for Healthcare Workers: A Shift-Proof Plan | Community Acquired Finance","Create a backup childcare plan for nursing shifts, weekends, call, illness, and school closures, including employer benefits and cost planning.","Backup Childcare for Healthcare Workers: A Shift-Proof Plan","Create a backup childcare plan for nursing shifts, weekends, call, illness, and school closures, including employer benefits and cost planning.","general public","learn and prepare next steps","1351 visible words","visible","not visible","2","1","24","1","24","Article; BreadcrumbList","no exact metadata duplication detected","complete for final disposition","visible RN authorship or founder perspective","retain","low"
"https://communityacquiredfinance.com/articles/beneficiaries-open-enrollment-checklist","article","1. Strong standalone educational resource","200","https://communityacquiredfinance.com/articles/beneficiaries-open-enrollment-checklist","https://communityacquiredfinance.com/articles/beneficiaries-open-enrollment-checklist","index, follow, max-image-preview:large","","yes","200 expected","https://communityacquiredfinance.com/articles/beneficiaries-open-enrollment-checklist","https://communityacquiredfinance.com/articles/beneficiaries-open-enrollment-checklist","index, follow, max-image-preview:large","","yes","URL-level status unavailable; coverage export is aggregate only","unavailable in attached exports","0","12","yes","The 10-Minute Open Enrollment Task That Prevents a Legal Mess | Community Acquired Finance","Use open enrollment to update beneficiaries before life changes create avoidable problems.","The 10-Minute Open Enrollment Task That Prevents a Legal Mess","Use open enrollment to update beneficiaries before life changes create avoidable problems.","general public","learn and prepare next steps","497 visible words","visible","not visible","1","4","24","4","24","Article; BreadcrumbList","no exact metadata duplication detected","complete for final disposition","visible RN authorship or founder perspective","retain","low"
"https://communityacquiredfinance.com/articles/blood-thinner-safety-before-going-home","article","1. Strong standalone educational resource","200","https://communityacquiredfinance.com/articles/blood-thinner-safety-before-going-home","https://communityacquiredfinance.com/articles/blood-thinner-safety-before-going-home","index, follow, max-image-preview:large","","yes","200 expected","https://communityacquiredfinance.com/articles/blood-thinner-safety-before-going-home","https://communityacquiredfinance.com/articles/blood-thinner-safety-before-going-home","index, follow, max-image-preview:large","","yes","URL-level status unavailable; coverage export is aggregate only","unavailable in attached exports","0","0","yes","Blood Thinner Safety: What to Verify Before Going Home | Community Acquired Finance","Prepare the exact questions and written information needed to use a prescribed blood thinner safely without guessing at medicine-specific rules.","Blood Thinner Safety: What to Verify Before Going Home","Prepare the exact questions and written information needed to use a prescribed blood thinner safely without guessing at medicine-specific rules.","general public","learn and prepare next steps","870 visible words","visible","not visible","2","3","23","2","23","Article; BreadcrumbList","no exact metadata duplication detected","complete for final disposition","visible RN authorship or founder perspective","retain","low"
"https://communityacquiredfinance.com/articles/burnout-overspending-overeating","article","1. Strong standalone educational resource","200","https://communityacquiredfinance.com/articles/burnout-overspending-overeating","https://communityacquiredfinance.com/articles/burnout-overspending-overeating","index, follow, max-image-preview:large","","yes","200 expected","https://communityacquiredfinance.com/articles/burnout-overspending-overeating","https://communityacquiredfinance.com/articles/burnout-overspending-overeating","index, follow, max-image-preview:large","","yes","URL-level status unavailable; coverage export is aggregate only","unavailable in attached exports","0","0","yes","Burnout, Overspending, and Overeating After Hard Shifts | Community Acquired Finance","Understand why hard shifts can trigger expensive or unhealthy coping patterns — without shame.","Burnout, Overspending, and Overeating After Hard Shifts","Understand why hard shifts can trigger expensive or unhealthy coping patterns — without shame.","general public","learn and prepare next steps","700 visible words","visible","not visible","1","2","23","2","23","Article; BreadcrumbList","no exact metadata duplication detected","complete for final disposition","visible RN authorship or founder perspective","retain","low"
"https://communityacquiredfinance.com/articles/can-healthcare-workers-reach-financial-independence","article","1. Strong standalone educational resource","200","https://communityacquiredfinance.com/articles/can-healthcare-workers-reach-financial-independence","https://communityacquiredfinance.com/articles/can-healthcare-workers-reach-financial-independence","index, follow, max-image-preview:large","","yes","200 expected","https://communityacquiredfinance.com/articles/can-healthcare-workers-reach-financial-independence","https://communityacquiredfinance.com/articles/can-healthcare-workers-reach-financial-independence","index, follow, max-image-preview:large","","yes","URL-level status unavailable; coverage export is aggregate only","unavailable in attached exports","0","8","yes","Can Healthcare Workers Reach Financial Independence? | Community Acquired Finance","A realistic FI guide for workers who want more freedom without pretending every shift is easy or every budget is painless.","Can Healthcare Workers Reach Financial Independence?","A realistic FI guide for workers who want more freedom without pretending every shift is easy or every budget is painless.","general public","learn and prepare next steps","686 visible words","visible","not visible","3","3","24","3","24","Article; BreadcrumbList","no exact metadata duplication detected","complete for final disposition","visible RN authorship or founder perspective","retain","low"
"https://communityacquiredfinance.com/articles/can-you-live-off-dividends-passive-income-guide","article","1. Strong standalone educational resource","200","https://communityacquiredfinance.com/articles/can-you-live-off-dividends-passive-income-guide","https://communityacquiredfinance.com/articles/can-you-live-off-dividends-passive-income-guide","index, follow, max-image-preview:large","","yes","200 expected","https://communityacquiredfinance.com/articles/can-you-live-off-dividends-passive-income-guide","https://communityacquiredfinance.com/articles/can-you-live-off-dividends-passive-income-guide","index, follow, max-image-preview:large","","yes","URL-level status unavailable; coverage export is aggregate only","unavailable in attached exports","0","14","yes","Can You Live Off Dividends? A Plain-English Passive Income Guide | Community Acquired Finance","A grounded explanation of dividend income, total return, and why passive income still needs a large asset base.","Can You Live Off Dividends? A Plain-English Passive Income Guide","A grounded explanation of dividend income, total return, and why passive income still needs a large asset base.","general public","learn and prepare next steps","678 visible words","visible","not visible","2","1","25","1","25","Article; BreadcrumbList","no exact metadata duplication detected","complete for final disposition","visible RN authorship or founder perspective","retain","low"
"https://communityacquiredfinance.com/articles/cash-vs-investing-when-you-feel-behind","article","1. Strong standalone educational resource","200","https://communityacquiredfinance.com/articles/cash-vs-investing-when-you-feel-behind","https://communityacquiredfinance.com/articles/cash-vs-investing-when-you-feel-behind","index, follow, max-image-preview:large","","yes","200 expected","https://communityacquiredfinance.com/articles/cash-vs-investing-when-you-feel-behind","https://communityacquiredfinance.com/articles/cash-vs-investing-when-you-feel-behind","index, follow, max-image-preview:large","","yes","URL-level status unavailable; coverage export is aggregate only","unavailable in attached exports","0","16","yes","Should You Keep Cash or Invest It? A Practical Decision Framework | Community Acquired Finance","Use a practical cash-versus-investing framework based on emergency reserves, near-term expenses, debt, employer matching, and time horizon.","Should You Keep Cash or Invest It? A Practical Decision Framework","Use a practical cash-versus-investing framework based on emergency reserves, near-term expenses, debt, employer matching, and time horizon.","general public","learn and prepare next steps","988 visible words","visible","not visible","3","13","25","13","25","Article; BreadcrumbList","no exact metadata duplication detected","complete for final disposition","visible RN authorship or founder perspective","retain","low"
"https://communityacquiredfinance.com/articles/check-hospital-financial-assistance-before-paying","article","1. Strong standalone educational resource","200","https://communityacquiredfinance.com/articles/check-hospital-financial-assistance-before-paying","https://communityacquiredfinance.com/articles/check-hospital-financial-assistance-before-paying","index, follow, max-image-preview:large","","yes","200 expected","https://communityacquiredfinance.com/articles/check-hospital-financial-assistance-before-paying","https://communityacquiredfinance.com/articles/check-hospital-financial-assistance-before-paying","index, follow, max-image-preview:large","","yes","URL-level status unavailable; coverage export is aggregate only","unavailable in attached exports","0","11","yes","Before You Pay a Hospital Bill, Check Financial Assistance | Community Acquired Finance","Know when to ask for charity care or financial assistance before draining savings or using a credit card.","Before You Pay a Hospital Bill, Check Financial Assistance","Know when to ask for charity care or financial assistance before draining savings or using a credit card.","general public","learn and prepare next steps","970 visible words","visible","not visible","4","5","29","5","29","Article; BreadcrumbList","no exact metadata duplication detected","complete for final disposition","visible RN authorship or founder perspective","retain","low"
"https://communityacquiredfinance.com/articles/copd-recovery-after-hospital","article","1. Strong standalone educational resource","200","https://communityacquiredfinance.com/articles/copd-recovery-after-hospital","https://communityacquiredfinance.com/articles/copd-recovery-after-hospital","index, follow, max-image-preview:large","","yes","200 expected","https://communityacquiredfinance.com/articles/copd-recovery-after-hospital","https://communityacquiredfinance.com/articles/copd-recovery-after-hospital","index, follow, max-image-preview:large","","yes","URL-level status unavailable; coverage export is aggregate only","unavailable in attached exports","0","0","yes","COPD Recovery After a Hospital Visit | Community Acquired Finance","Organize the medicines, inhalers, equipment, recovery plan, follow-up, and access questions that matter after a COPD-related hospital visit.","COPD Recovery After a Hospital Visit","Organize the medicines, inhalers, equipment, recovery plan, follow-up, and access questions that matter after a COPD-related hospital visit.","patients, families, and caregivers","learn and prepare next steps","868 visible words","visible","not visible","4","2","23","2","23","Article; BreadcrumbList","no exact metadata duplication detected","complete for final disposition","visible RN authorship or founder perspective","retain","low"
"https://communityacquiredfinance.com/articles/deductible-copay-coinsurance-out-of-pocket-max","article","1. Strong standalone educational resource","200","https://communityacquiredfinance.com/articles/deductible-copay-coinsurance-out-of-pocket-max","https://communityacquiredfinance.com/articles/deductible-copay-coinsurance-out-of-pocket-max","index, follow, max-image-preview:large","","yes","200 expected","https://communityacquiredfinance.com/articles/deductible-copay-coinsurance-out-of-pocket-max","https://communityacquiredfinance.com/articles/deductible-copay-coinsurance-out-of-pocket-max","index, follow, max-image-preview:large","","yes","URL-level status unavailable; coverage export is aggregate only","unavailable in attached exports","0","115","yes","Deductible vs. Copay vs. Coinsurance vs. Out-of-Pocket Maximum | Community Acquired Finance","Learn the difference between a deductible, copay, coinsurance, and out-of-pocket maximum with a simple medical-bill example.","Deductible vs. Copay vs. Coinsurance vs. Out-of-Pocket Maximum","Learn the difference between a deductible, copay, coinsurance, and out-of-pocket maximum with a simple medical-bill example.","general public","learn and prepare next steps","1362 visible words","visible","not visible","2","4","27","4","27","Article; BreadcrumbList","no exact metadata duplication detected","complete for final disposition","visible RN authorship or founder perspective","retain","low"
"https://communityacquiredfinance.com/articles/dental-vision-insurance-open-enrollment","article","1. Strong standalone educational resource","200","https://communityacquiredfinance.com/articles/dental-vision-insurance-open-enrollment","https://communityacquiredfinance.com/articles/dental-vision-insurance-open-enrollment","index, follow, max-image-preview:large","","yes","200 expected","https://communityacquiredfinance.com/articles/dental-vision-insurance-open-enrollment","https://communityacquiredfinance.com/articles/dental-vision-insurance-open-enrollment","index, follow, max-image-preview:large","","yes","URL-level status unavailable; coverage export is aggregate only","unavailable in attached exports","0","11","yes","Dental and Vision Insurance: What to Check Before Adding Them | Community Acquired Finance","Avoid overbuying add-ons by checking annual maximums, frequency limits, and real expected use.","Dental and Vision Insurance: What to Check Before Adding Them","Avoid overbuying add-ons by checking annual maximums, frequency limits, and real expected use.","general public","learn and prepare next steps","556 visible words","visible","not visible","3","3","25","3","25","Article; BreadcrumbList","no exact metadata duplication detected","complete for final disposition","visible RN authorship or founder perspective","retain","low"
"https://communityacquiredfinance.com/articles/diagnosis-explained","article","1. Strong standalone educational resource","200","https://communityacquiredfinance.com/articles/diagnosis-explained","https://communityacquiredfinance.com/articles/diagnosis-explained","index, follow, max-image-preview:large","","yes","200 expected","https://communityacquiredfinance.com/articles/diagnosis-explained","https://communityacquiredfinance.com/articles/diagnosis-explained","index, follow, max-image-preview:large","","yes","URL-level status unavailable; coverage export is aggregate only","unavailable in attached exports","0","1","yes","Diagnosis, Explained: Our Plain-English Guide System | Community Acquired Finance","The RN-designed format, publication gates, and nurse-reviewed plain-English diagnosis guides available from Community Acquired Finance.","Diagnosis, Explained: Our Plain-English Guide System","The RN-designed format, publication gates, and nurse-reviewed plain-English diagnosis guides available from Community Acquired Finance.","healthcare workers","learn and prepare next steps","1299 visible words","visible","not visible","4","11","24","11","24","Article; BreadcrumbList","no exact metadata duplication detected","complete for final disposition","visible RN authorship or founder perspective","retain","low"
"https://communityacquiredfinance.com/articles/disability-insurance-healthcare-workers-open-enrollment","article","1. Strong standalone educational resource","200","https://communityacquiredfinance.com/articles/disability-insurance-healthcare-workers-open-enrollment","https://communityacquiredfinance.com/articles/disability-insurance-healthcare-workers-open-enrollment","index, follow, max-image-preview:large","","yes","200 expected","https://communityacquiredfinance.com/articles/disability-insurance-healthcare-workers-open-enrollment","https://communityacquiredfinance.com/articles/disability-insurance-healthcare-workers-open-enrollment","index, follow, max-image-preview:large","","yes","URL-level status unavailable; coverage export is aggregate only","unavailable in attached exports","0","0","yes","Disability Insurance for Healthcare Workers: The Benefit You Should Not Ignore | Community Acquired Finance","Understand short-term and long-term disability before an injury or illness threatens your income.","Disability Insurance for Healthcare Workers: The Benefit You Should Not Ignore","Understand short-term and long-term disability before an injury or illness threatens your income.","general public","learn and prepare next steps","583 visible words","visible","not visible","1","4","25","4","25","Article; BreadcrumbList","no exact metadata duplication detected","complete for final disposition","visible RN authorship or founder perspective","retain","low"
"https://communityacquiredfinance.com/articles/discharge-coverage-guide","article","1. Strong standalone educational resource","200","https://communityacquiredfinance.com/articles/discharge-coverage-guide","https://communityacquiredfinance.com/articles/discharge-coverage-guide","index, follow, max-image-preview:large","","yes","200 expected","https://communityacquiredfinance.com/articles/discharge-coverage-guide","https://communityacquiredfinance.com/articles/discharge-coverage-guide","index, follow, max-image-preview:large","","yes","URL-level status unavailable; coverage export is aggregate only","unavailable in attached exports","0","0","yes","Discharge Coverage Guide | Community Acquired Finance","Understand which post-hospital costs Medicare may cover after discharge — and which questions families should ask early.","Discharge Coverage Guide","Understand which post-hospital costs Medicare may cover after discharge — and which questions families should ask early.","patients, families, and caregivers","learn and prepare next steps","855 visible words","visible","not visible","6","3","23","3","23","Article; BreadcrumbList","no exact metadata duplication detected","complete for final disposition","visible RN authorship or founder perspective","retain","low"
"https://communityacquiredfinance.com/articles/does-medicare-cover-long-term-care","article","1. Strong standalone educational resource","200","https://communityacquiredfinance.com/articles/does-medicare-cover-long-term-care","https://communityacquiredfinance.com/articles/does-medicare-cover-long-term-care","index, follow, max-image-preview:large","","yes","200 expected","https://communityacquiredfinance.com/articles/does-medicare-cover-long-term-care","https://communityacquiredfinance.com/articles/does-medicare-cover-long-term-care","index, follow, max-image-preview:large","","yes","URL-level status unavailable; coverage export is aggregate only","unavailable in attached exports","0","6","yes","Does Medicare Cover Long-Term Care? | Community Acquired Finance","A plain-English answer to the Medicare long-term care gap, including the difference between skilled care and custodial care.","Does Medicare Cover Long-Term Care?","A plain-English answer to the Medicare long-term care gap, including the difference between skilled care and custodial care.","patients, families, and caregivers","learn and prepare next steps","773 visible words","visible","not visible","4","4","25","4","25","Article; BreadcrumbList","no exact metadata duplication detected","complete for final disposition","visible RN authorship or founder perspective","retain","low"
"https://communityacquiredfinance.com/articles/does-medicare-cover-rehab-after-hospital-stay","article","1. Strong standalone educational resource","200","https://communityacquiredfinance.com/articles/does-medicare-cover-rehab-after-hospital-stay","https://communityacquiredfinance.com/articles/does-medicare-cover-rehab-after-hospital-stay","index, follow, max-image-preview:large","","yes","200 expected","https://communityacquiredfinance.com/articles/does-medicare-cover-rehab-after-hospital-stay","https://communityacquiredfinance.com/articles/does-medicare-cover-rehab-after-hospital-stay","index, follow, max-image-preview:large","","yes","URL-level status unavailable; coverage export is aggregate only","unavailable in attached exports","0","32","yes","Does Medicare Cover Rehab After a Hospital Stay? | Community Acquired Finance","Understand when Medicare may cover short-term rehab, what can block coverage, and what families should ask before discharge.","Does Medicare Cover Rehab After a Hospital Stay?","Understand when Medicare may cover short-term rehab, what can block coverage, and what families should ask before discharge.","patients, families, and caregivers","learn and prepare next steps","712 visible words","visible","not visible","4","6","25","6","25","Article; BreadcrumbList","no exact metadata duplication detected","complete for final disposition","visible RN authorship or founder perspective","retain","low"
"https://communityacquiredfinance.com/articles/durable-medical-equipment-after-discharge","article","1. Strong standalone educational resource","200","https://communityacquiredfinance.com/articles/durable-medical-equipment-after-discharge","https://communityacquiredfinance.com/articles/durable-medical-equipment-after-discharge","index, follow, max-image-preview:large","","yes","200 expected","https://communityacquiredfinance.com/articles/durable-medical-equipment-after-discharge","https://communityacquiredfinance.com/articles/durable-medical-equipment-after-discharge","index, follow, max-image-preview:large","","yes","URL-level status unavailable; coverage export is aggregate only","unavailable in attached exports","0","0","yes","Durable Medical Equipment After Discharge | Community Acquired Finance","Learn how walkers, wheelchairs, oxygen, hospital beds, and other equipment may be covered after discharge.","Durable Medical Equipment After Discharge","Learn how walkers, wheelchairs, oxygen, hospital beds, and other equipment may be covered after discharge.","patients, families, and caregivers","learn and prepare next steps","868 visible words","visible","not visible","3","4","23","4","23","Article; BreadcrumbList","no exact metadata duplication detected","complete for final disposition","visible RN authorship or founder perspective","retain","low"
"https://communityacquiredfinance.com/articles/earn-more-without-burning-out-bedside","article","1. Strong standalone educational resource","200","https://communityacquiredfinance.com/articles/earn-more-without-burning-out-bedside","https://communityacquiredfinance.com/articles/earn-more-without-burning-out-bedside","index, follow, max-image-preview:large","","yes","200 expected","https://communityacquiredfinance.com/articles/earn-more-without-burning-out-bedside","https://communityacquiredfinance.com/articles/earn-more-without-burning-out-bedside","index, follow, max-image-preview:large","","yes","URL-level status unavailable; coverage export is aggregate only","unavailable in attached exports","0","0","yes","How to Earn More Without Burning Out at Bedside | Community Acquired Finance","A career-income guide for healthcare workers who want more money and more options without relying only on extra shifts.","How to Earn More Without Burning Out at Bedside","A career-income guide for healthcare workers who want more money and more options without relying only on extra shifts.","healthcare workers","learn and prepare next steps","668 visible words","visible","not visible","2","3","24","3","24","Article; BreadcrumbList","no exact metadata duplication detected","complete for final disposition","visible RN authorship or founder perspective","retain","low"
"https://communityacquiredfinance.com/articles/employer-life-insurance-open-enrollment","article","1. Strong standalone educational resource","200","https://communityacquiredfinance.com/articles/employer-life-insurance-open-enrollment","https://communityacquiredfinance.com/articles/employer-life-insurance-open-enrollment","index, follow, max-image-preview:large","","yes","200 expected","https://communityacquiredfinance.com/articles/employer-life-insurance-open-enrollment","https://communityacquiredfinance.com/articles/employer-life-insurance-open-enrollment","index, follow, max-image-preview:large","","yes","URL-level status unavailable; coverage export is aggregate only","unavailable in attached exports","0","7","yes","Employer Life Insurance: Helpful, But Usually Not a Full Plan | Community Acquired Finance","Know what basic life, supplemental life, guaranteed issue, and portability mean before checking the box.","Employer Life Insurance: Helpful, But Usually Not a Full Plan","Know what basic life, supplemental life, guaranteed issue, and portability mean before checking the box.","general public","learn and prepare next steps","564 visible words","visible","not visible","1","4","25","4","25","Article; BreadcrumbList","no exact metadata duplication detected","complete for final disposition","visible RN authorship or founder perspective","retain","low"
"https://communityacquiredfinance.com/articles/facility-fee-vs-professional-fee","article","1. Strong standalone educational resource","200","https://communityacquiredfinance.com/articles/facility-fee-vs-professional-fee","https://communityacquiredfinance.com/articles/facility-fee-vs-professional-fee","index, follow, max-image-preview:large","","yes","200 expected","https://communityacquiredfinance.com/articles/facility-fee-vs-professional-fee","https://communityacquiredfinance.com/articles/facility-fee-vs-professional-fee","index, follow, max-image-preview:large","","yes","URL-level status unavailable; coverage export is aggregate only","unavailable in attached exports","0","35","yes","Facility Fee vs. Professional Fee: Why One Visit Can Produce Two Bills | Community Acquired Finance","Learn the difference between a facility fee and professional fee, why one visit can create two bills, and what to verify before paying.","Facility Fee vs. Professional Fee: Why One Visit Can Produce Two Bills","Learn the difference between a facility fee and professional fee, why one visit can create two bills, and what to verify before paying.","general public","learn and prepare next steps","1254 visible words","visible","not visible","4","9","31","9","31","Article; BreadcrumbList","no exact metadata duplication detected","complete for final disposition","visible RN authorship or founder perspective","retain","low"
"https://communityacquiredfinance.com/articles/from-the-bedside-long-term-care-medicaid-hospital-delay","article","1. Strong standalone educational resource","200","https://communityacquiredfinance.com/articles/from-the-bedside-long-term-care-medicaid-hospital-delay","https://communityacquiredfinance.com/articles/from-the-bedside-long-term-care-medicaid-hospital-delay","index, follow, max-image-preview:large","","yes","200 expected","https://communityacquiredfinance.com/articles/from-the-bedside-long-term-care-medicaid-hospital-delay","https://communityacquiredfinance.com/articles/from-the-bedside-long-term-care-medicaid-hospital-delay","index, follow, max-image-preview:large","","yes","URL-level status unavailable; coverage export is aggregate only","unavailable in attached exports","0","0","yes","From the Bedside: Long-Term Care Medicaid Should Not Wait Until a Crisis | Community Acquired Finance","A bedside look at why older adults can get stuck in the hospital while families scramble for long-term care Medicaid, nursing home placement, and a plan to preserve function.","From the Bedside: Long-Term Care Medicaid Should Not Wait Until a Crisis","A bedside look at why older adults can get stuck in the hospital while families scramble for long-term care Medicaid, nursing home placement, and a plan to preserve function.","patients, families, and caregivers","learn and prepare next steps","1100 visible words","visible","not visible","4","1","23","1","23","Article; BreadcrumbList","no exact metadata duplication detected","complete for final disposition","visible RN authorship or founder perspective","retain","low"
"https://communityacquiredfinance.com/articles/from-the-bedside-medicare-prescription-cost","article","1. Strong standalone educational resource","200","https://communityacquiredfinance.com/articles/from-the-bedside-medicare-prescription-cost","https://communityacquiredfinance.com/articles/from-the-bedside-medicare-prescription-cost","index, follow, max-image-preview:large","","yes","200 expected","https://communityacquiredfinance.com/articles/from-the-bedside-medicare-prescription-cost","https://communityacquiredfinance.com/articles/from-the-bedside-medicare-prescription-cost","index, follow, max-image-preview:large","","yes","URL-level status unavailable; coverage export is aggregate only","unavailable in attached exports","0","0","yes","Why Is My Prescription So Expensive If I Have Medicare? | Community Acquired Finance","A bedside Medicare drug-cost story showing why a covered prescription can still create a painful pharmacy bill — and what to ask before giving up on it.","Why Is My Prescription So Expensive If I Have Medicare?","A bedside Medicare drug-cost story showing why a covered prescription can still create a painful pharmacy bill — and what to ask before giving up on it.","patients, families, and caregivers","learn and prepare next steps","1111 visible words","visible","not visible","3","1","23","1","23","Article; BreadcrumbList","no exact metadata duplication detected","complete for final disposition","visible RN authorship or founder perspective","retain","low"
"https://communityacquiredfinance.com/articles/health-fsa-vs-dependent-care-fsa","article","1. Strong standalone educational resource","200","https://communityacquiredfinance.com/articles/health-fsa-vs-dependent-care-fsa","https://communityacquiredfinance.com/articles/health-fsa-vs-dependent-care-fsa","index, follow, max-image-preview:large","","yes","200 expected","https://communityacquiredfinance.com/articles/health-fsa-vs-dependent-care-fsa","https://communityacquiredfinance.com/articles/health-fsa-vs-dependent-care-fsa","index, follow, max-image-preview:large","","yes","URL-level status unavailable; coverage export is aggregate only","unavailable in attached exports","0","11","yes","Health FSA vs Dependent Care FSA: Same Name, Totally Different Use | Community Acquired Finance","Do not mix up medical expense money with childcare or dependent-care money.","Health FSA vs Dependent Care FSA: Same Name, Totally Different Use","Do not mix up medical expense money with childcare or dependent-care money.","general public","learn and prepare next steps","735 visible words","visible","not visible","3","3","29","3","29","Article; BreadcrumbList","no exact metadata duplication detected","complete for final disposition","visible RN authorship or founder perspective","retain","low"
"https://communityacquiredfinance.com/articles/healthcare-worker-discounts","article","1. Strong standalone educational resource","200","https://communityacquiredfinance.com/articles/healthcare-worker-discounts","https://communityacquiredfinance.com/articles/healthcare-worker-discounts","index, follow, max-image-preview:large","","yes","200 expected","https://communityacquiredfinance.com/articles/healthcare-worker-discounts","https://communityacquiredfinance.com/articles/healthcare-worker-discounts","index, follow, max-image-preview:large","","yes","URL-level status unavailable; coverage export is aggregate only","unavailable in attached exports","0","0","yes","Healthcare Worker Discounts and Perks Directory | Community Acquired Finance","Use healthcare discounts without letting them become an excuse to buy things you did not need.","Healthcare Worker Discounts and Perks Directory","Use healthcare discounts without letting them become an excuse to buy things you did not need.","general public","learn and prepare next steps","687 visible words","visible","not visible","1","2","23","2","23","Article; BreadcrumbList","no exact metadata duplication detected","complete for final disposition","visible RN authorship or founder perspective","retain","low"
"https://communityacquiredfinance.com/articles/healthcare-worker-money-map","article","1. Strong standalone educational resource","200","https://communityacquiredfinance.com/articles/healthcare-worker-money-map","https://communityacquiredfinance.com/articles/healthcare-worker-money-map","index, follow, max-image-preview:large","","yes","200 expected","https://communityacquiredfinance.com/articles/healthcare-worker-money-map","https://communityacquiredfinance.com/articles/healthcare-worker-money-map","index, follow, max-image-preview:large","","yes","URL-level status unavailable; coverage export is aggregate only","unavailable in attached exports","0","0","yes","The Healthcare Worker Money Map | Community Acquired Finance","A plain-English order of operations for turning a healthcare paycheck into savings, retirement contributions, and long-term wealth.","The Healthcare Worker Money Map","A plain-English order of operations for turning a healthcare paycheck into savings, retirement contributions, and long-term wealth.","general public","learn and prepare next steps","894 visible words","visible","not visible","3","8","28","8","28","Article; BreadcrumbList","no exact metadata duplication detected","complete for final disposition","visible RN authorship or founder perspective","retain","low"
"https://communityacquiredfinance.com/articles/heart-failure-plan-after-discharge","article","1. Strong standalone educational resource","200","https://communityacquiredfinance.com/articles/heart-failure-plan-after-discharge","https://communityacquiredfinance.com/articles/heart-failure-plan-after-discharge","index, follow, max-image-preview:large","","yes","200 expected","https://communityacquiredfinance.com/articles/heart-failure-plan-after-discharge","https://communityacquiredfinance.com/articles/heart-failure-plan-after-discharge","index, follow, max-image-preview:large","","yes","URL-level status unavailable; coverage export is aggregate only","unavailable in attached exports","0","0","yes","Heart Failure: Understanding the Plan After Discharge | Community Acquired Finance","Turn a complicated heart-failure discharge plan into a clear list of medicines, daily tracking, follow-up, and questions for the treating team.","Heart Failure: Understanding the Plan After Discharge","Turn a complicated heart-failure discharge plan into a clear list of medicines, daily tracking, follow-up, and questions for the treating team.","general public","learn and prepare next steps","859 visible words","visible","not visible","3","2","23","2","23","Article; BreadcrumbList","no exact metadata duplication detected","complete for final disposition","visible RN authorship or founder perspective","retain","low"
"https://communityacquiredfinance.com/articles/home-health-after-discharge","article","1. Strong standalone educational resource","200","https://communityacquiredfinance.com/articles/home-health-after-discharge","https://communityacquiredfinance.com/articles/home-health-after-discharge","index, follow, max-image-preview:large","","yes","200 expected","https://communityacquiredfinance.com/articles/home-health-after-discharge","https://communityacquiredfinance.com/articles/home-health-after-discharge","index, follow, max-image-preview:large","","yes","URL-level status unavailable; coverage export is aggregate only","unavailable in attached exports","0","0","yes","Home Health After Discharge | Community Acquired Finance","Understand what Medicare home health can help with after discharge — and what it usually does not replace.","Home Health After Discharge","Understand what Medicare home health can help with after discharge — and what it usually does not replace.","patients, families, and caregivers","learn and prepare next steps","822 visible words","visible","not visible","2","4","23","4","23","Article; BreadcrumbList","no exact metadata duplication detected","complete for final disposition","visible RN authorship or founder perspective","retain","low"
"https://communityacquiredfinance.com/articles/hospital-cafe-habit","article","1. Strong standalone educational resource","200","https://communityacquiredfinance.com/articles/hospital-cafe-habit","https://communityacquiredfinance.com/articles/hospital-cafe-habit","index, follow, max-image-preview:large","","yes","200 expected","https://communityacquiredfinance.com/articles/hospital-cafe-habit","https://communityacquiredfinance.com/articles/hospital-cafe-habit","index, follow, max-image-preview:large","","yes","URL-level status unavailable; coverage export is aggregate only","unavailable in attached exports","0","18","yes","How Much Does Hospital Cafeteria Spending Cost Per Year? | Community Acquired Finance","Calculate the yearly cost of hospital cafeteria meals and coffee, then build a realistic shift-work spending plan instead of an all-or-nothing budget.","How Much Does Hospital Cafeteria Spending Cost Per Year?","Calculate the yearly cost of hospital cafeteria meals and coffee, then build a realistic shift-work spending plan instead of an all-or-nothing budget.","patients, families, and caregivers","learn and prepare next steps","1019 visible words","visible","not visible","2","4","23","4","23","Article; BreadcrumbList","no exact metadata duplication detected","complete for final disposition","visible RN authorship or founder perspective","retain","low"
"https://communityacquiredfinance.com/articles/how-healthcare-workers-can-invest-without-picking-stocks","article","1. Strong standalone educational resource","200","https://communityacquiredfinance.com/articles/how-healthcare-workers-can-invest-without-picking-stocks","https://communityacquiredfinance.com/articles/how-healthcare-workers-can-invest-without-picking-stocks","index, follow, max-image-preview:large","","yes","200 expected","https://communityacquiredfinance.com/articles/how-healthcare-workers-can-invest-without-picking-stocks","https://communityacquiredfinance.com/articles/how-healthcare-workers-can-invest-without-picking-stocks","index, follow, max-image-preview:large","","yes","URL-level status unavailable; coverage export is aggregate only","unavailable in attached exports","0","14","yes","How Healthcare Workers Can Invest Without Picking Stocks | Community Acquired Finance","A simple investing guide for healthcare workers who want long-term growth without turning investing into a second job.","How Healthcare Workers Can Invest Without Picking Stocks","A simple investing guide for healthcare workers who want long-term growth without turning investing into a second job.","healthcare workers","learn and prepare next steps","652 visible words","visible","not visible","3","4","24","4","24","Article; BreadcrumbList","no exact metadata duplication detected","complete for final disposition","visible RN authorship or founder perspective","retain","low"
"https://communityacquiredfinance.com/articles/how-healthcare-workers-should-compare-job-offers","article","1. Strong standalone educational resource","200","https://communityacquiredfinance.com/articles/how-healthcare-workers-should-compare-job-offers","https://communityacquiredfinance.com/articles/how-healthcare-workers-should-compare-job-offers","index, follow, max-image-preview:large","","yes","200 expected","https://communityacquiredfinance.com/articles/how-healthcare-workers-should-compare-job-offers","https://communityacquiredfinance.com/articles/how-healthcare-workers-should-compare-job-offers","index, follow, max-image-preview:large","","yes","URL-level status unavailable; coverage export is aggregate only","unavailable in attached exports","0","2","yes","How Healthcare Workers Should Compare Two Job Offers | Community Acquired Finance","Compare salary, overtime, differentials, benefits, PTO, insurance premiums, commute burden, and schedule tradeoffs before accepting a healthcare job.","How Healthcare Workers Should Compare Two Job Offers","Compare salary, overtime, differentials, benefits, PTO, insurance premiums, commute burden, and schedule tradeoffs before accepting a healthcare job.","general public","learn and prepare next steps","1388 visible words","visible","not visible","4","2","24","2","24","Article; BreadcrumbList","no exact metadata duplication detected","complete for final disposition","visible RN authorship or founder perspective","retain","low"
"https://communityacquiredfinance.com/articles/how-hospital-403b-matching-works","article","1. Strong standalone educational resource","200","https://communityacquiredfinance.com/articles/how-hospital-403b-matching-works","https://communityacquiredfinance.com/articles/how-hospital-403b-matching-works","index, follow, max-image-preview:large","","yes","200 expected","https://communityacquiredfinance.com/articles/how-hospital-403b-matching-works","https://communityacquiredfinance.com/articles/how-hospital-403b-matching-works","index, follow, max-image-preview:large","","yes","URL-level status unavailable; coverage export is aggregate only","unavailable in attached exports","2","61","yes","How Does a Hospital 403(b) Match Work? Examples and Vesting | Community Acquired Finance","See how hospital 403(b) matching works, including common formulas, contribution examples, vesting, eligible pay, and 401(a) employer deposits.","How Does a Hospital 403(b) Match Work? Examples and Vesting","See how hospital 403(b) matching works, including common formulas, contribution examples, vesting, eligible pay, and 401(a) employer deposits.","patients, families, and caregivers","learn and prepare next steps","1257 visible words","visible","not visible","3","9","28","9","28","Article; BreadcrumbList","no exact metadata duplication detected","complete for final disposition","visible RN authorship or founder perspective","retain","low"
"https://communityacquiredfinance.com/articles/how-much-should-a-nurse-put-in-403b-per-paycheck","article","1. Strong standalone educational resource","200","https://communityacquiredfinance.com/articles/how-much-should-a-nurse-put-in-403b-per-paycheck","https://communityacquiredfinance.com/articles/how-much-should-a-nurse-put-in-403b-per-paycheck","index, follow, max-image-preview:large","","yes","200 expected","https://communityacquiredfinance.com/articles/how-much-should-a-nurse-put-in-403b-per-paycheck","https://communityacquiredfinance.com/articles/how-much-should-a-nurse-put-in-403b-per-paycheck","index, follow, max-image-preview:large","","yes","URL-level status unavailable; coverage export is aggregate only","unavailable in attached exports","1","10","yes","How Much Should a Nurse Put in a 403(b) Per Paycheck? | Community Acquired Finance","A practical paycheck framework for nurses and healthcare workers deciding what 403(b) contribution percentage to start with.","How Much Should a Nurse Put in a 403(b) Per Paycheck?","A practical paycheck framework for nurses and healthcare workers deciding what 403(b) contribution percentage to start with.","healthcare workers","learn and prepare next steps","807 visible words","visible","not visible","4","7","28","7","28","Article; BreadcrumbList","no exact metadata duplication detected","complete for final disposition","visible RN authorship or founder perspective","retain","low"
"https://communityacquiredfinance.com/articles/how-to-pick-retirement-investments-at-work","article","1. Strong standalone educational resource","200","https://communityacquiredfinance.com/articles/how-to-pick-retirement-investments-at-work","https://communityacquiredfinance.com/articles/how-to-pick-retirement-investments-at-work","index, follow, max-image-preview:large","","yes","200 expected","https://communityacquiredfinance.com/articles/how-to-pick-retirement-investments-at-work","https://communityacquiredfinance.com/articles/how-to-pick-retirement-investments-at-work","index, follow, max-image-preview:large","","yes","URL-level status unavailable; coverage export is aggregate only","unavailable in attached exports","0","0","yes","How to Pick Retirement Investments at Work | Community Acquired Finance","A plain-English guide to target-date funds, S&P 500 index funds, expense ratios, risk, and changing investments inside a workplace retirement account.","How to Pick Retirement Investments at Work","A plain-English guide to target-date funds, S&P 500 index funds, expense ratios, risk, and changing investments inside a workplace retirement account.","general public","learn and prepare next steps","1395 visible words","visible","not visible","5","8","28","8","28","Article; BreadcrumbList","no exact metadata duplication detected","complete for final disposition","visible RN authorship or founder perspective","retain","low"
"https://communityacquiredfinance.com/articles/how-to-read-an-eob","article","1. Strong standalone educational resource","200","https://communityacquiredfinance.com/articles/how-to-read-an-eob","https://communityacquiredfinance.com/articles/how-to-read-an-eob","index, follow, max-image-preview:large","","yes","200 expected","https://communityacquiredfinance.com/articles/how-to-read-an-eob","https://communityacquiredfinance.com/articles/how-to-read-an-eob","index, follow, max-image-preview:large","","yes","URL-level status unavailable; coverage export is aggregate only","unavailable in attached exports","0","53","yes","How to Read an Explanation of Benefits (EOB) Before Paying a Medical Bill | Community Acquired Finance","Learn how to read an Explanation of Benefits, match it to a medical bill, and verify allowed amount, insurance payment, and patient responsibility.","How to Read an Explanation of Benefits (EOB) Before Paying a Medical Bill","Learn how to read an Explanation of Benefits, match it to a medical bill, and verify allowed amount, insurance payment, and patient responsibility.","patients, families, and caregivers","learn and prepare next steps","1331 visible words","visible","not visible","3","10","28","10","28","Article; BreadcrumbList","no exact metadata duplication detected","complete for final disposition","visible RN authorship or founder perspective","retain","low"
"https://communityacquiredfinance.com/articles/hsa-vs-fsa-healthcare-workers","article","1. Strong standalone educational resource","200","https://communityacquiredfinance.com/articles/hsa-vs-fsa-healthcare-workers","https://communityacquiredfinance.com/articles/hsa-vs-fsa-healthcare-workers","index, follow, max-image-preview:large","","yes","200 expected","https://communityacquiredfinance.com/articles/hsa-vs-fsa-healthcare-workers","https://communityacquiredfinance.com/articles/hsa-vs-fsa-healthcare-workers","index, follow, max-image-preview:large","","yes","URL-level status unavailable; coverage export is aggregate only","unavailable in attached exports","0","1","yes","HSA vs FSA: The Plain-English Guide for Healthcare Workers | Community Acquired Finance","Know when an HSA, FSA, or both can help lower taxes without creating open-enrollment regret.","HSA vs FSA: The Plain-English Guide for Healthcare Workers","Know when an HSA, FSA, or both can help lower taxes without creating open-enrollment regret.","general public","learn and prepare next steps","1177 visible words","visible","not visible","7","6","24","6","24","Article; BreadcrumbList","no exact metadata duplication detected","complete for final disposition","visible RN authorship or founder perspective","retain","low"
"https://communityacquiredfinance.com/articles/in-network-hospital-out-of-network-bills","article","1. Strong standalone educational resource","200","https://communityacquiredfinance.com/articles/in-network-hospital-out-of-network-bills","https://communityacquiredfinance.com/articles/in-network-hospital-out-of-network-bills","index, follow, max-image-preview:large","","yes","200 expected","https://communityacquiredfinance.com/articles/in-network-hospital-out-of-network-bills","https://communityacquiredfinance.com/articles/in-network-hospital-out-of-network-bills","index, follow, max-image-preview:large","","yes","URL-level status unavailable; coverage export is aggregate only","unavailable in attached exports","0","0","yes","In-Network Hospital Does Not Always Mean Every Bill Is In-Network | Community Acquired Finance","Understand why separate clinicians or services can create network surprises even when the hospital itself is covered.","In-Network Hospital Does Not Always Mean Every Bill Is In-Network","Understand why separate clinicians or services can create network surprises even when the hospital itself is covered.","patients, families, and caregivers","learn and prepare next steps","847 visible words","visible","not visible","4","4","27","4","27","Article; BreadcrumbList","no exact metadata duplication detected","complete for final disposition","visible RN authorship or founder perspective","retain","low"
"https://communityacquiredfinance.com/articles/insurance-is-future-planning","article","1. Strong standalone educational resource","200","https://communityacquiredfinance.com/articles/insurance-is-future-planning","https://communityacquiredfinance.com/articles/insurance-is-future-planning","index, follow, max-image-preview:large","","yes","200 expected","https://communityacquiredfinance.com/articles/insurance-is-future-planning","https://communityacquiredfinance.com/articles/insurance-is-future-planning","index, follow, max-image-preview:large","","yes","URL-level status unavailable; coverage export is aggregate only","unavailable in attached exports","0","11","yes","Insurance Is Future Planning, Not Just a Monthly Bill | Community Acquired Finance","See why health insurance, Medicare, Medicaid, and long-term care planning matter most before a hospitalization, diagnosis, rehab stay, or daily-care need turns coverage into a family financial decision.","Insurance Is Future Planning, Not Just a Monthly Bill","See why health insurance, Medicare, Medicaid, and long-term care planning matter most before a hospitalization, diagnosis, rehab stay, or daily-care need turns coverage into a family financial decision.","patients, families, and caregivers","learn and prepare next steps","2004 visible words","visible","not visible","6","1","24","1","24","Article; BreadcrumbList","no exact metadata duplication detected","complete for final disposition","visible RN authorship or founder perspective","retain","low"
"https://communityacquiredfinance.com/articles/long-term-care-and-custodial-care","article","1. Strong standalone educational resource","200","https://communityacquiredfinance.com/articles/long-term-care-and-custodial-care","https://communityacquiredfinance.com/articles/long-term-care-and-custodial-care","index, follow, max-image-preview:large","","yes","200 expected","https://communityacquiredfinance.com/articles/long-term-care-and-custodial-care","https://communityacquiredfinance.com/articles/long-term-care-and-custodial-care","index, follow, max-image-preview:large","","yes","URL-level status unavailable; coverage export is aggregate only","unavailable in attached exports","0","13","yes","Skilled Care vs. Custodial Care: What Medicare Usually Covers | Community Acquired Finance","Learn the difference between skilled care and custodial care, what Medicare may cover, and when Medicaid or separate long-term-care planning may matter.","Skilled Care vs. Custodial Care: What Medicare Usually Covers","Learn the difference between skilled care and custodial care, what Medicare may cover, and when Medicaid or separate long-term-care planning may matter.","patients, families, and caregivers","learn and prepare next steps","1302 visible words","visible","not visible","4","2","24","2","24","Article; BreadcrumbList","no exact metadata duplication detected","complete for final disposition","visible RN authorship or founder perspective","retain","low"
"https://communityacquiredfinance.com/articles/managing-money-has-never-been-easier-or-harder","article","1. Strong standalone educational resource","200","https://communityacquiredfinance.com/articles/managing-money-has-never-been-easier-or-harder","https://communityacquiredfinance.com/articles/managing-money-has-never-been-easier-or-harder","index, follow, max-image-preview:large","","yes","200 expected","https://communityacquiredfinance.com/articles/managing-money-has-never-been-easier-or-harder","https://communityacquiredfinance.com/articles/managing-money-has-never-been-easier-or-harder","index, follow, max-image-preview:large","","yes","URL-level status unavailable; coverage export is aggregate only","unavailable in attached exports","0","17","yes","Managing Money Has Never Been Easier—or Harder | Community Acquired Finance","Why financial apps make money easier to manage but harder to stop thinking about—and how selective friction can improve spending and investing decisions.","Managing Money Has Never Been Easier—or Harder","Why financial apps make money easier to manage but harder to stop thinking about—and how selective friction can improve spending and investing decisions.","general public","learn and prepare next steps","1153 visible words","visible","not visible","3","1","24","1","24","Article; BreadcrumbList","no exact metadata duplication detected","complete for final disposition","visible RN authorship or founder perspective","retain","low"
"https://communityacquiredfinance.com/articles/medicaid-dual-eligibility-ltss","article","1. Strong standalone educational resource","200","https://communityacquiredfinance.com/articles/medicaid-dual-eligibility-ltss","https://communityacquiredfinance.com/articles/medicaid-dual-eligibility-ltss","index, follow, max-image-preview:large","","yes","200 expected","https://communityacquiredfinance.com/articles/medicaid-dual-eligibility-ltss","https://communityacquiredfinance.com/articles/medicaid-dual-eligibility-ltss","index, follow, max-image-preview:large","","yes","URL-level status unavailable; coverage export is aggregate only","unavailable in attached exports","0","0","yes","Medicaid, Dual Eligibility, and LTSS | Community Acquired Finance","Understand where Medicaid fits when Medicare does not cover the long-term care a family hoped for.","Medicaid, Dual Eligibility, and LTSS","Understand where Medicaid fits when Medicare does not cover the long-term care a family hoped for.","patients, families, and caregivers","learn and prepare next steps","933 visible words","visible","not visible","7","2","23","2","23","Article; BreadcrumbList","no exact metadata duplication detected","complete for final disposition","visible RN authorship or founder perspective","retain","low"
"https://communityacquiredfinance.com/articles/medicare-advantage-vs-original-medicare-2026","article","1. Strong standalone educational resource","200","https://communityacquiredfinance.com/articles/medicare-advantage-vs-original-medicare-2026","https://communityacquiredfinance.com/articles/medicare-advantage-vs-original-medicare-2026","index, follow, max-image-preview:large","","yes","200 expected","https://communityacquiredfinance.com/articles/medicare-advantage-vs-original-medicare-2026","https://communityacquiredfinance.com/articles/medicare-advantage-vs-original-medicare-2026","index, follow, max-image-preview:large","","yes","URL-level status unavailable; coverage export is aggregate only","unavailable in attached exports","0","4","yes","Medicare Advantage vs. Original Medicare in 2026: Key Tradeoffs | Community Acquired Finance","Compare Medicare Advantage and Original Medicare in 2026 by provider access, premiums, cost sharing, drug coverage, prior authorization, travel, and Medigap.","Medicare Advantage vs. Original Medicare in 2026: Key Tradeoffs","Compare Medicare Advantage and Original Medicare in 2026 by provider access, premiums, cost sharing, drug coverage, prior authorization, travel, and Medigap.","patients, families, and caregivers","learn and prepare next steps","2158 visible words","visible","not visible","6","1","24","1","24","Article; BreadcrumbList","no exact metadata duplication detected","complete for final disposition","visible RN authorship or founder perspective","retain","low"
"https://communityacquiredfinance.com/articles/medicare-medicaid-changes-january-2027","article","1. Strong standalone educational resource","200","https://communityacquiredfinance.com/articles/medicare-medicaid-changes-january-2027","https://communityacquiredfinance.com/articles/medicare-medicaid-changes-january-2027","index, follow, max-image-preview:large","","yes","200 expected","https://communityacquiredfinance.com/articles/medicare-medicaid-changes-january-2027","https://communityacquiredfinance.com/articles/medicare-medicaid-changes-january-2027","index, follow, max-image-preview:large","","yes","URL-level status unavailable; coverage export is aggregate only","unavailable in attached exports","0","1","yes","Medicare and Medicaid Changes Scheduled for January 1, 2027 | Community Acquired Finance","A plain-English guide to the scheduled 2027 Medicaid eligibility rollout and the practical areas Medicare patients, caregivers, and hospitals should watch.","Medicare and Medicaid Changes Scheduled for January 1, 2027","A plain-English guide to the scheduled 2027 Medicaid eligibility rollout and the practical areas Medicare patients, caregivers, and hospitals should watch.","patients, families, and caregivers","learn and prepare next steps","1104 visible words","visible","not visible","8","2","23","2","23","Article; BreadcrumbList","no exact metadata duplication detected","complete for final disposition","visible RN authorship or founder perspective","retain","low"
"https://communityacquiredfinance.com/articles/medicare-options-explained","article","1. Strong standalone educational resource","200","https://communityacquiredfinance.com/articles/medicare-options-explained","https://communityacquiredfinance.com/articles/medicare-options-explained","index, follow, max-image-preview:large","","yes","200 expected","https://communityacquiredfinance.com/articles/medicare-options-explained","https://communityacquiredfinance.com/articles/medicare-options-explained","index, follow, max-image-preview:large","","yes","URL-level status unavailable; coverage export is aggregate only","unavailable in attached exports","0","0","yes","Medicare Options Explained | Community Acquired Finance","Understand Original Medicare, Medicare Advantage, Part D, Medigap, and Medicaid without getting buried in insurance language.","Medicare Options Explained","Understand Original Medicare, Medicare Advantage, Part D, Medigap, and Medicaid without getting buried in insurance language.","patients, families, and caregivers","learn and prepare next steps","999 visible words","visible","not visible","6","4","23","4","23","Article; BreadcrumbList","no exact metadata duplication detected","complete for final disposition","visible RN authorship or founder perspective","retain","low"
"https://communityacquiredfinance.com/articles/medicare-vs-medicaid-what-is-the-difference","article","1. Strong standalone educational resource","200","https://communityacquiredfinance.com/articles/medicare-vs-medicaid-what-is-the-difference","https://communityacquiredfinance.com/articles/medicare-vs-medicaid-what-is-the-difference","index, follow, max-image-preview:large","","yes","200 expected","https://communityacquiredfinance.com/articles/medicare-vs-medicaid-what-is-the-difference","https://communityacquiredfinance.com/articles/medicare-vs-medicaid-what-is-the-difference","index, follow, max-image-preview:large","","yes","URL-level status unavailable; coverage export is aggregate only","unavailable in attached exports","0","10","yes","Medicare vs Medicaid: What Is the Difference? | Community Acquired Finance","Separate Medicare and Medicaid in plain English so patients and families know which program solves which problem.","Medicare vs Medicaid: What Is the Difference?","Separate Medicare and Medicaid in plain English so patients and families know which program solves which problem.","patients, families, and caregivers","learn and prepare next steps","666 visible words","visible","not visible","4","6","23","6","23","Article; BreadcrumbList","no exact metadata duplication detected","complete for final disposition","visible RN authorship or founder perspective","retain","low"
"https://communityacquiredfinance.com/articles/money-stress-after-hard-shift","article","1. Strong standalone educational resource","200","https://communityacquiredfinance.com/articles/money-stress-after-hard-shift","https://communityacquiredfinance.com/articles/money-stress-after-hard-shift","index, follow, max-image-preview:large","","yes","200 expected","https://communityacquiredfinance.com/articles/money-stress-after-hard-shift","https://communityacquiredfinance.com/articles/money-stress-after-hard-shift","index, follow, max-image-preview:large","","yes","URL-level status unavailable; coverage export is aggregate only","unavailable in attached exports","0","1","yes","Money Stress After a Hard Shift | Community Acquired Finance","How to stop stress from turning into spending, avoidance, or panic decisions after exhausting healthcare work.","Money Stress After a Hard Shift","How to stop stress from turning into spending, avoidance, or panic decisions after exhausting healthcare work.","general public","learn and prepare next steps","653 visible words","visible","not visible","2","1","26","1","26","Article; BreadcrumbList","no exact metadata duplication detected","complete for final disposition","visible RN authorship or founder perspective","retain","low"
"https://communityacquiredfinance.com/articles/network-checklist-open-enrollment","article","1. Strong standalone educational resource","200","https://communityacquiredfinance.com/articles/network-checklist-open-enrollment","https://communityacquiredfinance.com/articles/network-checklist-open-enrollment","index, follow, max-image-preview:large","","yes","200 expected","https://communityacquiredfinance.com/articles/network-checklist-open-enrollment","https://communityacquiredfinance.com/articles/network-checklist-open-enrollment","index, follow, max-image-preview:large","","yes","URL-level status unavailable; coverage export is aggregate only","unavailable in attached exports","0","0","yes","In-Network Is Not One Checkbox: What to Verify During Open Enrollment | Community Acquired Finance","Use a practical network checklist before choosing a plan for the next year.","In-Network Is Not One Checkbox: What to Verify During Open Enrollment","Use a practical network checklist before choosing a plan for the next year.","general public","learn and prepare next steps","555 visible words","visible","not visible","3","3","25","3","25","Article; BreadcrumbList","no exact metadata duplication detected","complete for final disposition","visible RN authorship or founder perspective","retain","low"
"https://communityacquiredfinance.com/articles/new-home-oxygen-nebulizer-guide","article","1. Strong standalone educational resource","200","https://communityacquiredfinance.com/articles/new-home-oxygen-nebulizer-guide","https://communityacquiredfinance.com/articles/new-home-oxygen-nebulizer-guide","index, follow, max-image-preview:large","","yes","200 expected","https://communityacquiredfinance.com/articles/new-home-oxygen-nebulizer-guide","https://communityacquiredfinance.com/articles/new-home-oxygen-nebulizer-guide","index, follow, max-image-preview:large","","yes","URL-level status unavailable; coverage export is aggregate only","unavailable in attached exports","0","0","yes","New Home Oxygen and Nebulizer Guide | Community Acquired Finance","Prepare the equipment, safety, supplier, backup-power, cleaning, and follow-up questions needed before the first night with home oxygen or a nebulizer.","New Home Oxygen and Nebulizer Guide","Prepare the equipment, safety, supplier, backup-power, cleaning, and follow-up questions needed before the first night with home oxygen or a nebulizer.","general public","learn and prepare next steps","898 visible words","visible","not visible","3","2","23","2","23","Article; BreadcrumbList","no exact metadata duplication detected","complete for final disposition","visible RN authorship or founder perspective","retain","low"
"https://communityacquiredfinance.com/articles/obbb-overtime-tax-deduction-healthcare-workers","article","1. Strong standalone educational resource","200","https://communityacquiredfinance.com/articles/obbb-overtime-tax-deduction-healthcare-workers","https://communityacquiredfinance.com/articles/obbb-overtime-tax-deduction-healthcare-workers","index, follow, max-image-preview:large","","yes","200 expected","https://communityacquiredfinance.com/articles/obbb-overtime-tax-deduction-healthcare-workers","https://communityacquiredfinance.com/articles/obbb-overtime-tax-deduction-healthcare-workers","index, follow, max-image-preview:large","","yes","URL-level status unavailable; coverage export is aggregate only","unavailable in attached exports","0","16","yes","The OBBB Overtime Tax Deduction, Explained for Healthcare Workers | Community Acquired Finance","Understand why the new overtime rule matters, what part of overtime may qualify, and why it is not the same as making every overtime dollar tax-free.","The OBBB Overtime Tax Deduction, Explained for Healthcare Workers","Understand why the new overtime rule matters, what part of overtime may qualify, and why it is not the same as making every overtime dollar tax-free.","general public","learn and prepare next steps","1203 visible words","visible","not visible","3","4","23","4","23","Article; BreadcrumbList","no exact metadata duplication detected","complete for final disposition","visible RN authorship or founder perspective","retain","low"
"https://communityacquiredfinance.com/articles/observation-vs-inpatient-status","article","1. Strong standalone educational resource","200","https://communityacquiredfinance.com/articles/observation-vs-inpatient-status","https://communityacquiredfinance.com/articles/observation-vs-inpatient-status","index, follow, max-image-preview:large","","yes","200 expected","https://communityacquiredfinance.com/articles/observation-vs-inpatient-status","https://communityacquiredfinance.com/articles/observation-vs-inpatient-status","index, follow, max-image-preview:large","","yes","URL-level status unavailable; coverage export is aggregate only","unavailable in attached exports","0","0","yes","Observation vs Inpatient Status: The Hospital Word That Can Change the Bill | Community Acquired Finance","Understand why staying overnight does not always mean a patient was formally admitted as an inpatient.","Observation vs Inpatient Status: The Hospital Word That Can Change the Bill","Understand why staying overnight does not always mean a patient was formally admitted as an inpatient.","patients, families, and caregivers","learn and prepare next steps","699 visible words","visible","not visible","1","4","25","4","25","Article; BreadcrumbList","no exact metadata duplication detected","complete for final disposition","visible RN authorship or founder perspective","retain","low"
"https://communityacquiredfinance.com/articles/open-enrollment-mistakes-healthcare-workers","article","1. Strong standalone educational resource","200","https://communityacquiredfinance.com/articles/open-enrollment-mistakes-healthcare-workers","https://communityacquiredfinance.com/articles/open-enrollment-mistakes-healthcare-workers","index, follow, max-image-preview:large","","yes","200 expected","https://communityacquiredfinance.com/articles/open-enrollment-mistakes-healthcare-workers","https://communityacquiredfinance.com/articles/open-enrollment-mistakes-healthcare-workers","index, follow, max-image-preview:large","","yes","URL-level status unavailable; coverage export is aggregate only","unavailable in attached exports","0","7","yes","Open Enrollment Mistakes Healthcare Workers Make Every Year | Community Acquired Finance","Avoid the benefit choices that quietly raise risk, reduce take-home pay, or leave healthcare workers underprotected.","Open Enrollment Mistakes Healthcare Workers Make Every Year","Avoid the benefit choices that quietly raise risk, reduce take-home pay, or leave healthcare workers underprotected.","healthcare workers","learn and prepare next steps","680 visible words","visible","not visible","5","2","25","2","25","Article; BreadcrumbList","no exact metadata duplication detected","complete for final disposition","visible RN authorship or founder perspective","retain","low"
"https://communityacquiredfinance.com/articles/open-enrollment-paycheck-impact","article","1. Strong standalone educational resource","200","https://communityacquiredfinance.com/articles/open-enrollment-paycheck-impact","https://communityacquiredfinance.com/articles/open-enrollment-paycheck-impact","index, follow, max-image-preview:large","","yes","200 expected","https://communityacquiredfinance.com/articles/open-enrollment-paycheck-impact","https://communityacquiredfinance.com/articles/open-enrollment-paycheck-impact","index, follow, max-image-preview:large","","yes","URL-level status unavailable; coverage export is aggregate only","unavailable in attached exports","0","0","yes","How Open Enrollment Changes Your Paycheck | Community Acquired Finance","See how benefit elections stack up before your first paycheck of the new plan year surprises you.","How Open Enrollment Changes Your Paycheck","See how benefit elections stack up before your first paycheck of the new plan year surprises you.","general public","learn and prepare next steps","559 visible words","visible","not visible","2","6","25","6","25","Article; BreadcrumbList","no exact metadata duplication detected","complete for final disposition","visible RN authorship or founder perspective","retain","low"
"https://communityacquiredfinance.com/articles/plain-english-glossary","article","1. Strong standalone educational resource","200","https://communityacquiredfinance.com/articles/plain-english-glossary","https://communityacquiredfinance.com/articles/plain-english-glossary","index, follow, max-image-preview:large","","yes","200 expected","https://communityacquiredfinance.com/articles/plain-english-glossary","https://communityacquiredfinance.com/articles/plain-english-glossary","index, follow, max-image-preview:large","","yes","URL-level status unavailable; coverage export is aggregate only","unavailable in attached exports","0","0","yes","Plain-English Healthcare Finance Glossary | Community Acquired Finance","Insurance and Medicare terms defined like a human, not like a benefits packet.","Plain-English Healthcare Finance Glossary","Insurance and Medicare terms defined like a human, not like a benefits packet.","patients, families, and caregivers","learn and prepare next steps","1111 visible words","visible","not visible","10","6","23","6","23","Article; BreadcrumbList","no exact metadata duplication detected","complete for final disposition","visible RN authorship or founder perspective","retain","low"
"https://communityacquiredfinance.com/articles/premium-deductible-out-of-pocket-open-enrollment","article","1. Strong standalone educational resource","200","https://communityacquiredfinance.com/articles/premium-deductible-out-of-pocket-open-enrollment","https://communityacquiredfinance.com/articles/premium-deductible-out-of-pocket-open-enrollment","index, follow, max-image-preview:large","","yes","200 expected","https://communityacquiredfinance.com/articles/premium-deductible-out-of-pocket-open-enrollment","https://communityacquiredfinance.com/articles/premium-deductible-out-of-pocket-open-enrollment","index, follow, max-image-preview:large","","yes","URL-level status unavailable; coverage export is aggregate only","unavailable in attached exports","0","0","yes","Premium, Deductible, and Out-of-Pocket Max: How to Compare Health Plans | Community Acquired Finance","Learn the three numbers that decide whether a health plan is cheap, risky, or actually a good fit.","Premium, Deductible, and Out-of-Pocket Max: How to Compare Health Plans","Learn the three numbers that decide whether a health plan is cheap, risky, or actually a good fit.","general public","learn and prepare next steps","779 visible words","visible","not visible","5","5","28","5","28","Article; BreadcrumbList","no exact metadata duplication detected","complete for final disposition","visible RN authorship or founder perspective","retain","low"
"https://communityacquiredfinance.com/articles/prescription-coverage-open-enrollment-checklist","article","1. Strong standalone educational resource","200","https://communityacquiredfinance.com/articles/prescription-coverage-open-enrollment-checklist","https://communityacquiredfinance.com/articles/prescription-coverage-open-enrollment-checklist","index, follow, max-image-preview:large","","yes","200 expected","https://communityacquiredfinance.com/articles/prescription-coverage-open-enrollment-checklist","https://communityacquiredfinance.com/articles/prescription-coverage-open-enrollment-checklist","index, follow, max-image-preview:large","","yes","URL-level status unavailable; coverage export is aggregate only","unavailable in attached exports","0","24","yes","How to Check Prescription Drug Coverage Before Choosing a Health Plan | Community Acquired Finance","Check prescription drug coverage before choosing a health plan, including formularies, tiers, pharmacies, deductibles, and prior authorization.","How to Check Prescription Drug Coverage Before Choosing a Health Plan","Check prescription drug coverage before choosing a health plan, including formularies, tiers, pharmacies, deductibles, and prior authorization.","general public","learn and prepare next steps","1060 visible words","visible","not visible","3","8","30","8","30","Article; BreadcrumbList","no exact metadata duplication detected","complete for final disposition","visible RN authorship or founder perspective","retain","low"
"https://communityacquiredfinance.com/articles/prior-authorization-explained","article","1. Strong standalone educational resource","200","https://communityacquiredfinance.com/articles/prior-authorization-explained","https://communityacquiredfinance.com/articles/prior-authorization-explained","index, follow, max-image-preview:large","","yes","200 expected","https://communityacquiredfinance.com/articles/prior-authorization-explained","https://communityacquiredfinance.com/articles/prior-authorization-explained","index, follow, max-image-preview:large","","yes","URL-level status unavailable; coverage export is aggregate only","unavailable in attached exports","0","9","yes","What Is Prior Authorization? Why Insurance Can Delay Doctor-Recommended Care | Community Acquired Finance","Learn what prior authorization is, why insurance may delay doctor-recommended care, and what to do when a request is pending or denied.","What Is Prior Authorization? Why Insurance Can Delay Doctor-Recommended Care","Learn what prior authorization is, why insurance may delay doctor-recommended care, and what to do when a request is pending or denied.","general public","learn and prepare next steps","1040 visible words","visible","not visible","3","1","25","1","25","Article; BreadcrumbList","no exact metadata duplication detected","complete for final disposition","visible RN authorship or founder perspective","retain","low"
"https://communityacquiredfinance.com/articles/roth-vs-traditional-403b-healthcare-workers","article","1. Strong standalone educational resource","200","https://communityacquiredfinance.com/articles/roth-vs-traditional-403b-healthcare-workers","https://communityacquiredfinance.com/articles/roth-vs-traditional-403b-healthcare-workers","index, follow, max-image-preview:large","","yes","200 expected","https://communityacquiredfinance.com/articles/roth-vs-traditional-403b-healthcare-workers","https://communityacquiredfinance.com/articles/roth-vs-traditional-403b-healthcare-workers","index, follow, max-image-preview:large","","yes","URL-level status unavailable; coverage export is aggregate only","unavailable in attached exports","0","4","yes","Roth vs Traditional 403(b) for Healthcare Workers | Community Acquired Finance","A practical way to think about current tax savings, future tax flexibility, and paycheck stress when choosing 403(b) contributions.","Roth vs Traditional 403(b) for Healthcare Workers","A practical way to think about current tax savings, future tax flexibility, and paycheck stress when choosing 403(b) contributions.","general public","learn and prepare next steps","819 visible words","visible","not visible","2","9","28","9","28","Article; BreadcrumbList","no exact metadata duplication detected","complete for final disposition","visible RN authorship or founder perspective","retain","low"
"https://communityacquiredfinance.com/articles/safe-hospital-discharge-first-72-hours","article","1. Strong standalone educational resource","200","https://communityacquiredfinance.com/articles/safe-hospital-discharge-first-72-hours","https://communityacquiredfinance.com/articles/safe-hospital-discharge-first-72-hours","index, follow, max-image-preview:large","","yes","200 expected","https://communityacquiredfinance.com/articles/safe-hospital-discharge-first-72-hours","https://communityacquiredfinance.com/articles/safe-hospital-discharge-first-72-hours","index, follow, max-image-preview:large","","yes","URL-level status unavailable; coverage export is aggregate only","unavailable in attached exports","0","0","yes","Safe Hospital Discharge and the First 72 Hours at Home | Community Acquired Finance","Use one practical plan to verify medicines, follow-up, equipment, home support, and unresolved questions before the first night at home.","Safe Hospital Discharge and the First 72 Hours at Home","Use one practical plan to verify medicines, follow-up, equipment, home support, and unresolved questions before the first night at home.","general public","learn and prepare next steps","927 visible words","visible","not visible","2","2","23","2","23","Article; BreadcrumbList","no exact metadata duplication detected","complete for final disposition","visible RN authorship or founder perspective","retain","low"
"https://communityacquiredfinance.com/articles/savings-rate-that-actually-changes-your-life","article","1. Strong standalone educational resource","200","https://communityacquiredfinance.com/articles/savings-rate-that-actually-changes-your-life","https://communityacquiredfinance.com/articles/savings-rate-that-actually-changes-your-life","index, follow, max-image-preview:large","","yes","200 expected","https://communityacquiredfinance.com/articles/savings-rate-that-actually-changes-your-life","https://communityacquiredfinance.com/articles/savings-rate-that-actually-changes-your-life","index, follow, max-image-preview:large","","yes","URL-level status unavailable; coverage export is aggregate only","unavailable in attached exports","0","2","yes","The Savings Rate That Actually Changes Your Life | Community Acquired Finance","Why savings rate matters more than tiny budgeting hacks, especially for healthcare workers trying to buy back time.","The Savings Rate That Actually Changes Your Life","Why savings rate matters more than tiny budgeting hacks, especially for healthcare workers trying to buy back time.","healthcare workers","learn and prepare next steps","662 visible words","visible","not visible","3","3","24","3","24","Article; BreadcrumbList","no exact metadata duplication detected","complete for final disposition","visible RN authorship or founder perspective","retain","low"
"https://communityacquiredfinance.com/articles/short-term-rehab-after-hospital","article","1. Strong standalone educational resource","200","https://communityacquiredfinance.com/articles/short-term-rehab-after-hospital","https://communityacquiredfinance.com/articles/short-term-rehab-after-hospital","index, follow, max-image-preview:large","","yes","200 expected","https://communityacquiredfinance.com/articles/short-term-rehab-after-hospital","https://communityacquiredfinance.com/articles/short-term-rehab-after-hospital","index, follow, max-image-preview:large","","yes","URL-level status unavailable; coverage export is aggregate only","unavailable in attached exports","0","2","yes","Short-Term Rehab After the Hospital | Community Acquired Finance","Learn what Medicare and Medicaid may cover when a patient needs rehab after hospitalization.","Short-Term Rehab After the Hospital","Learn what Medicare and Medicaid may cover when a patient needs rehab after hospitalization.","patients, families, and caregivers","learn and prepare next steps","916 visible words","visible","not visible","4","2","23","2","23","Article; BreadcrumbList","no exact metadata duplication detected","complete for final disposition","visible RN authorship or founder perspective","retain","low"
"https://communityacquiredfinance.com/articles/spouse-family-health-insurance-open-enrollment","article","1. Strong standalone educational resource","200","https://communityacquiredfinance.com/articles/spouse-family-health-insurance-open-enrollment","https://communityacquiredfinance.com/articles/spouse-family-health-insurance-open-enrollment","index, follow, max-image-preview:large","","yes","200 expected","https://communityacquiredfinance.com/articles/spouse-family-health-insurance-open-enrollment","https://communityacquiredfinance.com/articles/spouse-family-health-insurance-open-enrollment","index, follow, max-image-preview:large","","yes","URL-level status unavailable; coverage export is aggregate only","unavailable in attached exports","0","70","yes","Can You Add a Spouse to Your Health Insurance? Rules, Costs, and Dual Coverage | Community Acquired Finance","Learn when you can add a spouse to health insurance, how qualifying life events work, and how to compare surcharges, dual coverage, and family costs.","Can You Add a Spouse to Your Health Insurance? Rules, Costs, and Dual Coverage","Learn when you can add a spouse to health insurance, how qualifying life events work, and how to compare surcharges, dual coverage, and family costs.","patients, families, and caregivers","learn and prepare next steps","1124 visible words","visible","not visible","4","9","29","9","29","Article; BreadcrumbList","no exact metadata duplication detected","complete for final disposition","visible RN authorship or founder perspective","retain","low"
"https://communityacquiredfinance.com/articles/use-credit-cards-without-credit-card-debt","article","1. Strong standalone educational resource","200","https://communityacquiredfinance.com/articles/use-credit-cards-without-credit-card-debt","https://communityacquiredfinance.com/articles/use-credit-cards-without-credit-card-debt","index, follow, max-image-preview:large","","yes","200 expected","https://communityacquiredfinance.com/articles/use-credit-cards-without-credit-card-debt","https://communityacquiredfinance.com/articles/use-credit-cards-without-credit-card-debt","index, follow, max-image-preview:large","","yes","URL-level status unavailable; coverage export is aggregate only","unavailable in attached exports","0","27","yes","How to Use a Credit Card Without Carrying Credit Card Debt | Community Acquired Finance","Learn how to use a credit card, build credit, set up full-balance autopay, use secured-card guardrails, and avoid expensive credit-card debt.","How to Use a Credit Card Without Carrying Credit Card Debt","Learn how to use a credit card, build credit, set up full-balance autopay, use secured-card guardrails, and avoid expensive credit-card debt.","general public","learn and prepare next steps","1701 visible words","visible","not visible","4","2","24","2","24","Article; BreadcrumbList","no exact metadata duplication detected","complete for final disposition","visible RN authorship or founder perspective","retain","low"
"https://communityacquiredfinance.com/articles/what-does-medicare-not-cover","article","1. Strong standalone educational resource","200","https://communityacquiredfinance.com/articles/what-does-medicare-not-cover","https://communityacquiredfinance.com/articles/what-does-medicare-not-cover","index, follow, max-image-preview:large","","yes","200 expected","https://communityacquiredfinance.com/articles/what-does-medicare-not-cover","https://communityacquiredfinance.com/articles/what-does-medicare-not-cover","index, follow, max-image-preview:large","","yes","URL-level status unavailable; coverage export is aggregate only","unavailable in attached exports","0","18","yes","What Does Medicare Not Cover? | Community Acquired Finance","A plain-English list of common Medicare coverage gaps that create surprise costs for patients and families.","What Does Medicare Not Cover?","A plain-English list of common Medicare coverage gaps that create surprise costs for patients and families.","patients, families, and caregivers","learn and prepare next steps","632 visible words","visible","not visible","4","2","23","2","23","Article; BreadcrumbList","no exact metadata duplication detected","complete for final disposition","visible RN authorship or founder perspective","retain","low"
"https://communityacquiredfinance.com/articles/what-employer-benefit-changes-should-i-compare","article","1. Strong standalone educational resource","200","https://communityacquiredfinance.com/articles/what-employer-benefit-changes-should-i-compare","https://communityacquiredfinance.com/articles/what-employer-benefit-changes-should-i-compare","index, follow, max-image-preview:large","","yes","200 expected","https://communityacquiredfinance.com/articles/what-employer-benefit-changes-should-i-compare","https://communityacquiredfinance.com/articles/what-employer-benefit-changes-should-i-compare","index, follow, max-image-preview:large","","yes","URL-level status unavailable; coverage export is aggregate only","unavailable in attached exports","0","0","yes","What Employer-Benefit Changes Should I Compare During Open Enrollment? | Community Acquired Finance","Compare the changes that can alter cost, access, employer value, or protection before you repeat last year's elections.","What Employer-Benefit Changes Should I Compare During Open Enrollment?","Compare the changes that can alter cost, access, employer value, or protection before you repeat last year's elections.","general public","learn and prepare next steps","1326 visible words","visible","not visible","5","8","29","8","29","Article; BreadcrumbList","no exact metadata duplication detected","complete for final disposition","visible RN authorship or founder perspective","retain","low"
"https://communityacquiredfinance.com/articles/why-am-i-getting-a-blood-thinner-in-the-hospital","article","1. Strong standalone educational resource","200","https://communityacquiredfinance.com/articles/why-am-i-getting-a-blood-thinner-in-the-hospital","https://communityacquiredfinance.com/articles/why-am-i-getting-a-blood-thinner-in-the-hospital","index, follow, max-image-preview:large","","yes","200 expected","https://communityacquiredfinance.com/articles/why-am-i-getting-a-blood-thinner-in-the-hospital","https://communityacquiredfinance.com/articles/why-am-i-getting-a-blood-thinner-in-the-hospital","index, follow, max-image-preview:large","","yes","URL-level status unavailable; coverage export is aggregate only","unavailable in attached exports","0","0","yes","Why Am I Getting a Blood Thinner in the Hospital? | Community Acquired Finance","A plain-English explanation of why hospitals use blood thinners, what common options do differently, and what to ask before accepting or declining a dose.","Why Am I Getting a Blood Thinner in the Hospital?","A plain-English explanation of why hospitals use blood thinners, what common options do differently, and what to ask before accepting or declining a dose.","patients, families, and caregivers","learn and prepare next steps","1570 visible words","visible","not visible","6","2","25","2","25","Article; BreadcrumbList","no exact metadata duplication detected","complete for final disposition","visible RN authorship or founder perspective","retain","low"
"https://communityacquiredfinance.com/articles/why-did-the-hospital-stop-or-change-my-home-medications","article","1. Strong standalone educational resource","200","https://communityacquiredfinance.com/articles/why-did-the-hospital-stop-or-change-my-home-medications","https://communityacquiredfinance.com/articles/why-did-the-hospital-stop-or-change-my-home-medications","index, follow, max-image-preview:large","","yes","200 expected","https://communityacquiredfinance.com/articles/why-did-the-hospital-stop-or-change-my-home-medications","https://communityacquiredfinance.com/articles/why-did-the-hospital-stop-or-change-my-home-medications","index, follow, max-image-preview:large","","yes","URL-level status unavailable; coverage export is aggregate only","unavailable in attached exports","0","0","yes","Why Did the Hospital Stop or Change My Home Medications? | Community Acquired Finance","A plain-English guide to temporary medication holds, substitutions, timing changes, and the questions that prevent confusion at discharge.","Why Did the Hospital Stop or Change My Home Medications?","A plain-English guide to temporary medication holds, substitutions, timing changes, and the questions that prevent confusion at discharge.","general public","learn and prepare next steps","1397 visible words","visible","not visible","4","2","25","2","25","Article; BreadcrumbList","no exact metadata duplication detected","complete for final disposition","visible RN authorship or founder perspective","retain","low"
"https://communityacquiredfinance.com/articles/why-do-i-still-owe-money-with-medicare","article","1. Strong standalone educational resource","200","https://communityacquiredfinance.com/articles/why-do-i-still-owe-money-with-medicare","https://communityacquiredfinance.com/articles/why-do-i-still-owe-money-with-medicare","index, follow, max-image-preview:large","","yes","200 expected","https://communityacquiredfinance.com/articles/why-do-i-still-owe-money-with-medicare","https://communityacquiredfinance.com/articles/why-do-i-still-owe-money-with-medicare","index, follow, max-image-preview:large","","yes","URL-level status unavailable; coverage export is aggregate only","unavailable in attached exports","0","1","yes","Why Do I Still Owe Money With Medicare? | Community Acquired Finance","Explain why Medicare can pay part of a claim while the patient still owes premiums, deductibles, copays, coinsurance, or uncovered costs.","Why Do I Still Owe Money With Medicare?","Explain why Medicare can pay part of a claim while the patient still owes premiums, deductibles, copays, coinsurance, or uncovered costs.","patients, families, and caregivers","learn and prepare next steps","709 visible words","visible","not visible","4","2","23","2","23","Article; BreadcrumbList","no exact metadata duplication detected","complete for final disposition","visible RN authorship or founder perspective","retain","low"
"https://communityacquiredfinance.com/articles/why-er-visit-is-expensive","article","1. Strong standalone educational resource","200","https://communityacquiredfinance.com/articles/why-er-visit-is-expensive","https://communityacquiredfinance.com/articles/why-er-visit-is-expensive","index, follow, max-image-preview:large","","yes","200 expected","https://communityacquiredfinance.com/articles/why-er-visit-is-expensive","https://communityacquiredfinance.com/articles/why-er-visit-is-expensive","index, follow, max-image-preview:large","","yes","URL-level status unavailable; coverage export is aggregate only","unavailable in attached exports","0","0","yes","Why an ER Visit Can Be So Expensive | Community Acquired Finance","Understand the pieces that can turn one emergency visit into several separate charges.","Why an ER Visit Can Be So Expensive","Understand the pieces that can turn one emergency visit into several separate charges.","general public","learn and prepare next steps","952 visible words","visible","not visible","4","4","25","4","25","Article; BreadcrumbList","no exact metadata duplication detected","complete for final disposition","visible RN authorship or founder perspective","retain","low"
"https://communityacquiredfinance.com/articles/why-one-hospital-visit-can-create-multiple-bills","article","1. Strong standalone educational resource","200","https://communityacquiredfinance.com/articles/why-one-hospital-visit-can-create-multiple-bills","https://communityacquiredfinance.com/articles/why-one-hospital-visit-can-create-multiple-bills","index, follow, max-image-preview:large","","yes","200 expected","https://communityacquiredfinance.com/articles/why-one-hospital-visit-can-create-multiple-bills","https://communityacquiredfinance.com/articles/why-one-hospital-visit-can-create-multiple-bills","index, follow, max-image-preview:large","","yes","URL-level status unavailable; coverage export is aggregate only","unavailable in attached exports","0","0","yes","Why One Hospital Visit Can Create Multiple Bills | Community Acquired Finance","Understand why a single ER visit, surgery, or hospital stay can produce separate bills from different groups.","Why One Hospital Visit Can Create Multiple Bills","Understand why a single ER visit, surgery, or hospital stay can produce separate bills from different groups.","patients, families, and caregivers","learn and prepare next steps","923 visible words","visible","not visible","4","7","30","7","30","Article; BreadcrumbList","no exact metadata duplication detected","complete for final disposition","visible RN authorship or founder perspective","retain","low"
"https://communityacquiredfinance.com/articles/workplace-benefits-definitions","article","1. Strong standalone educational resource","200","https://communityacquiredfinance.com/articles/workplace-benefits-definitions","https://communityacquiredfinance.com/articles/workplace-benefits-definitions","index, follow, max-image-preview:large","","yes","200 expected","https://communityacquiredfinance.com/articles/workplace-benefits-definitions","https://communityacquiredfinance.com/articles/workplace-benefits-definitions","index, follow, max-image-preview:large","","yes","URL-level status unavailable; coverage export is aggregate only","unavailable in attached exports","0","0","yes","Workplace Benefits Definitions | Community Acquired Finance","Decode open enrollment paperwork without calling HR.","Workplace Benefits Definitions","Decode open enrollment paperwork without calling HR.","general public","learn and prepare next steps","1377 visible words","visible","not visible","2","4","23","4","23","Article; BreadcrumbList","no exact metadata duplication detected","complete for final disposition","visible RN authorship or founder perspective","retain","low"
"https://communityacquiredfinance.com/build-wealth","hub","3. Legitimate navigational or trust page","200","https://communityacquiredfinance.com/build-wealth","https://communityacquiredfinance.com/build-wealth","index, follow, max-image-preview:large","","yes","200 expected","https://communityacquiredfinance.com/build-wealth","https://communityacquiredfinance.com/build-wealth","index, follow, max-image-preview:large","","yes","URL-level status unavailable; coverage export is aggregate only","unavailable in attached exports","0","1","yes","Financial Independence, Retirement, and Investing | Community Acquired Finance","Build a practical plan for cash, debt, retirement contributions, diversified investing, and long-term financial independence.","Build future flexibility in the right order.","Build a practical plan for cash, debt, retirement contributions, diversified investing, and long-term financial independence.","general public","navigate or use a supporting resource","600 visible words","not visible","not visible","0","168","34","162","34","BreadcrumbList; CollectionPage","no exact metadata duplication detected","complete for final disposition","not applicable or not visibly asserted","retain","low"
"https://communityacquiredfinance.com/commercial-insurance-comparison","guide","9. Legacy route","308","/insurance/commercial-insurance-comparison","","","","no","308 expected","https://communityacquiredfinance.com/insurance/commercial-insurance-comparison","","","","no","excluded by final redirect","unavailable in attached exports","0","0","not applicable","","","Redirecting (308)","guide for Community Acquired Finance visitors","general public","learn and prepare next steps","0 visible words","not applicable","not visible","0","0","1","0","0","none","legacy or inactive route consolidated","complete for final disposition","not applicable or not visibly asserted","redirect","low after remediation"
"https://communityacquiredfinance.com/contact","trust","3. Legitimate navigational or trust page","200","https://communityacquiredfinance.com/contact","https://communityacquiredfinance.com/contact","index, follow, max-image-preview:large","","yes","200 expected","https://communityacquiredfinance.com/contact","https://communityacquiredfinance.com/contact","index, follow, max-image-preview:large","","yes","URL-level status unavailable; coverage export is aggregate only","unavailable in attached exports","1","6","yes","Contact Community Acquired Finance","Contact Community Acquired Finance with feedback, corrections, source questions, topic suggestions, privacy requests, or accessibility concerns.","Questions, corrections, and source notes.","Contact Community Acquired Finance with feedback, corrections, source questions, topic suggestions, privacy requests, or accessibility concerns.","all visitors and reviewers","verify publisher trust and terms","202 visible words","not visible","not visible","0","169","24","163","23","BreadcrumbList; WebPage","no exact metadata duplication detected","complete for final disposition","not applicable or not visibly asserted","strengthen","low"
"https://communityacquiredfinance.com/disclaimer","guide","9. Legacy route","308","/disclosures","","","","no","308 expected","https://communityacquiredfinance.com/disclosures","","","","no","excluded by final redirect","unavailable in attached exports","0","0","not applicable","","","Redirecting (308)","guide for Community Acquired Finance visitors","general public","learn and prepare next steps","0 visible words","not applicable","not visible","0","0","1","0","0","none","legacy or inactive route consolidated","complete for final disposition","not applicable or not visibly asserted","redirect","low after remediation"
"https://communityacquiredfinance.com/disclosures","trust","3. Legitimate navigational or trust page","200","https://communityacquiredfinance.com/disclosures","https://communityacquiredfinance.com/disclosures","index, follow, max-image-preview:large","","yes","200 expected","https://communityacquiredfinance.com/disclosures","https://communityacquiredfinance.com/disclosures","index, follow, max-image-preview:large","","yes","URL-level status unavailable; coverage export is aggregate only","unavailable in attached exports","0","8","yes","Disclosures | Community Acquired Finance","Review educational, financial, medical, advertising, affiliate, and conflict-of-interest disclosures for Community Acquired Finance.","Disclosures & Disclaimers","Review educational, financial, medical, advertising, affiliate, and conflict-of-interest disclosures for Community Acquired Finance.","all visitors and reviewers","verify publisher trust and terms","780 visible words","visible","July 19, 2026","0","169","23","162","23","BreadcrumbList; WebPage","no exact metadata duplication detected","complete for final disposition","visible RN authorship or founder perspective","retain","low"
"https://communityacquiredfinance.com/downloads/expanded-medical-bill-response-workbook-preview","supporting printable","9. Legacy route","308","/insurance/medical-bill-review-toolkit","","","","no","308 expected","https://communityacquiredfinance.com/insurance/medical-bill-review-toolkit","","X-Robots-Tag noindex","noindex configured","no","excluded by final redirect","unavailable in attached exports","0","0","not applicable","","","Redirecting (308)","supporting printable for Community Acquired Finance visitors","general public","navigate or use a supporting resource","0 visible words","not applicable","not visible","0","1","1","0","0","none","supporting or printable variant removed from index","complete for final disposition","not applicable or not visibly asserted","redirect","low after remediation"
"https://communityacquiredfinance.com/downloads/expanded-medical-bill-response-workbook-preview.html","supporting printable","9. Legacy route","308","/downloads/expanded-medical-bill-response-workbook-preview","","","","no","308 expected","https://communityacquiredfinance.com/insurance/medical-bill-review-toolkit","","X-Robots-Tag noindex","noindex configured","no","excluded by final redirect","unavailable in attached exports","0","0","not applicable","","","Redirecting (308)","supporting printable for Community Acquired Finance visitors","general public","navigate or use a supporting resource","0 visible words","not applicable","not visible","0","0","1","0","0","none","supporting or printable variant removed from index","complete for final disposition","not applicable or not visibly asserted","redirect","low after remediation"
"https://communityacquiredfinance.com/downloads/medical-bill-response-pack","supporting printable","4. Useful supporting page; accessible but not indexed","200","https://communityacquiredfinance.com/downloads/medical-bill-response-pack","","","","no","200 expected","https://communityacquiredfinance.com/downloads/medical-bill-response-pack","https://communityacquiredfinance.com/downloads/medical-bill-response-pack","noindex, follow","noindex configured","no","excluded by final noindex","unavailable in attached exports","0","0","yes","Medical Bill Response Pack | Community Acquired Finance","Printable medical-bill checklists and worksheets for comparing an EOB with a bill, organizing calls, checking financial assistance, and tracking deadlines.","Medical Bill Response Pack","Printable medical-bill checklists and worksheets for comparing an EOB with a bill, organizing calls, checking financial assistance, and tracking deadlines.","general public","navigate or use a supporting resource","1019 visible words","visible","July 20, 2026","0","1","1","0","1","none","supporting or printable variant removed from index","complete for final disposition","visible RN authorship or founder perspective","noindex","low after remediation"
"https://communityacquiredfinance.com/downloads/medical-bill-response-pack.html","supporting printable","4. Useful supporting page; accessible but not indexed","308","/downloads/medical-bill-response-pack","","","","no","200 expected","https://communityacquiredfinance.com/downloads/medical-bill-response-pack.html","https://communityacquiredfinance.com/downloads/medical-bill-response-pack.html","X-Robots-Tag noindex","noindex configured","no","excluded by final noindex","unavailable in attached exports","0","0","not verified","","","Redirecting (308)","supporting printable for Community Acquired Finance visitors","general public","navigate or use a supporting resource","0 visible words","not applicable","not visible","0","0","1","0","0","none","supporting or printable variant removed from index","complete for final disposition","not applicable or not visibly asserted","noindex","low after remediation"
"https://communityacquiredfinance.com/editorial","guide","9. Legacy route","308","/editorial-policy","","","","no","308 expected","https://communityacquiredfinance.com/editorial-policy","","","","no","excluded by final redirect","unavailable in attached exports","0","0","not applicable","","","Redirecting (308)","guide for Community Acquired Finance visitors","general public","learn and prepare next steps","0 visible words","not applicable","not visible","0","0","1","0","0","none","legacy or inactive route consolidated","complete for final disposition","not applicable or not visibly asserted","redirect","low after remediation"
"https://communityacquiredfinance.com/editorial-policy","trust","3. Legitimate navigational or trust page","200","https://communityacquiredfinance.com/editorial-policy","https://communityacquiredfinance.com/editorial-policy","index, follow, max-image-preview:large","","yes","200 expected","https://communityacquiredfinance.com/editorial-policy","https://communityacquiredfinance.com/editorial-policy","index, follow, max-image-preview:large","","yes","URL-level status unavailable; coverage export is aggregate only","unavailable in attached exports","0","8","yes","Editorial Policy | Community Acquired Finance","Review the editorial standards for accuracy, sourcing, independence, corrections, and healthcare financial education.","Editorial Policy","Review the editorial standards for accuracy, sourcing, independence, corrections, and healthcare financial education.","all visitors and reviewers","verify publisher trust and terms","788 visible words","visible","July 19, 2026","0","169","23","162","23","BreadcrumbList; WebPage","no exact metadata duplication detected","complete for final disposition","visible RN authorship or founder perspective","retain","low"
"https://communityacquiredfinance.com/for-organizations","retired organization route","9. Legacy route","200","https://communityacquiredfinance.com/for-organizations","https://communityacquiredfinance.com/for-organizations","index, follow, max-image-preview:large","","yes","308 expected","https://communityacquiredfinance.com/about","","","","no","excluded by final redirect","unavailable in attached exports","0","1","not applicable","Healthcare Financial Education for Organizations | Community Acquired Finance","Evaluate privacy-minimized healthcare financial education programs for workforce benefits, patient costs, Medicare and discharge, healthcare careers, and broad navigation.","Healthcare financial education without private records.","Evaluate privacy-minimized healthcare financial education programs for workforce benefits, patient costs, Medicare and discharge, healthcare careers, and broad navigation.","patients, families, and caregivers","navigate or use a supporting resource","0 visible words","not applicable","not visible","0","6","24","0","0","none","legacy or inactive route consolidated","complete for final disposition","not applicable or not visibly asserted","redirect","low after remediation"
"https://communityacquiredfinance.com/for-organizations/faq","retired organization route","9. Legacy route","200","https://communityacquiredfinance.com/for-organizations/faq","https://communityacquiredfinance.com/for-organizations/faq","index, follow, max-image-preview:large","","yes","308 expected","https://communityacquiredfinance.com/about","","","","no","excluded by final redirect","unavailable in attached exports","0","2","not applicable","Organization Buyer FAQ | Community Acquired Finance","Review buyer answers about product scope, privacy, data, certifications, outcomes, customization, pricing, reporting, and support.","Resolve scope and evidence questions before procurement.","Review buyer answers about product scope, privacy, data, certifications, outcomes, customization, pricing, reporting, and support.","general public","navigate or use a supporting resource","0 visible words","not applicable","not visible","0","5","29","0","0","none","legacy or inactive route consolidated","complete for final disposition","not applicable or not visibly asserted","redirect","low after remediation"
"https://communityacquiredfinance.com/for-organizations/implementation","retired organization route","9. Legacy route","200","https://communityacquiredfinance.com/for-organizations/implementation","https://communityacquiredfinance.com/for-organizations/implementation","index, follow, max-image-preview:large","","yes","308 expected","https://communityacquiredfinance.com/about","","","","no","excluded by final redirect","unavailable in attached exports","0","1","not applicable","Organization Program Implementation | Community Acquired Finance","Review the accountable five-gate implementation model for a privacy-minimized Community Acquired Finance organization program.","Move from evaluation to evidence with five accountable gates.","Review the accountable five-gate implementation model for a privacy-minimized Community Acquired Finance organization program.","general public","navigate or use a supporting resource","0 visible words","not applicable","not visible","0","5","29","0","0","none","legacy or inactive route consolidated","complete for final disposition","not applicable or not visibly asserted","redirect","low after remediation"
"https://communityacquiredfinance.com/for-organizations/measurement","retired organization route","9. Legacy route","200","https://communityacquiredfinance.com/for-organizations/measurement","https://communityacquiredfinance.com/for-organizations/measurement","index, follow, max-image-preview:large","","yes","308 expected","https://communityacquiredfinance.com/about","","","","no","excluded by final redirect","unavailable in attached exports","0","0","not applicable","Organization Program Measurement | Community Acquired Finance","Define reach, consented engagement, usefulness, operations, and honest outcome boundaries for a Community Acquired Finance program.","Measure only what can support a real decision.","Define reach, consented engagement, usefulness, operations, and honest outcome boundaries for a Community Acquired Finance program.","general public","navigate or use a supporting resource","0 visible words","not applicable","not visible","0","5","29","0","0","none","legacy or inactive route consolidated","complete for final disposition","not applicable or not visibly asserted","redirect","low after remediation"
"https://communityacquiredfinance.com/for-organizations/patient-education-systems","retired organization route","9. Legacy route","308","/patients-families/hospital-guide","","","","no","308 expected","https://communityacquiredfinance.com/patients-families/hospital-guide","","","","no","excluded by final redirect","unavailable in attached exports","0","0","not applicable","","","Redirecting (308)","retired organization route for Community Acquired Finance visitors","general public","navigate or use a supporting resource","0 visible words","not applicable","not visible","0","0","1","0","0","none","legacy or inactive route consolidated","complete for final disposition","not applicable or not visibly asserted","redirect","low after remediation"
"https://communityacquiredfinance.com/for-organizations/patient-education-systems/blood-thinner-readiness","retired organization route","9. Legacy route","308","/articles/blood-thinner-safety-before-going-home","","","","no","308 expected","https://communityacquiredfinance.com/articles/blood-thinner-safety-before-going-home","","","","no","excluded by final redirect","unavailable in attached exports","0","0","not applicable","","","Redirecting (308)","retired organization route for Community Acquired Finance visitors","general public","navigate or use a supporting resource","0 visible words","not applicable","not visible","0","0","1","0","0","none","legacy or inactive route consolidated","complete for final disposition","not applicable or not visibly asserted","redirect","low after remediation"
"https://communityacquiredfinance.com/for-organizations/programs","retired organization route","9. Legacy route","200","https://communityacquiredfinance.com/for-organizations/programs","https://communityacquiredfinance.com/for-organizations/programs","index, follow, max-image-preview:large","","yes","308 expected","https://communityacquiredfinance.com/about","","","","no","excluded by final redirect","unavailable in attached exports","0","0","not applicable","Healthcare Financial Education Programs for Organizations | Community Acquired Finance","Evaluate five live program pathways for workforce benefits, patient costs, Medicare and discharge, career decisions, and broad healthcare finance navigation.","Five focused programs built from public participant experiences.","Evaluate five live program pathways for workforce benefits, patient costs, Medicare and discharge, career decisions, and broad healthcare finance navigation.","patients, families, and caregivers","navigate or use a supporting resource","0 visible words","not applicable","not visible","0","5","45","0","0","none","legacy or inactive route consolidated","complete for final disposition","not applicable or not visibly asserted","redirect","low after remediation"
"https://communityacquiredfinance.com/for-organizations/trust-procurement","retired organization route","9. Legacy route","200","https://communityacquiredfinance.com/for-organizations/trust-procurement","https://communityacquiredfinance.com/for-organizations/trust-procurement","index, follow, max-image-preview:large","","yes","308 expected","https://communityacquiredfinance.com/about","","","","no","excluded by final redirect","unavailable in attached exports","0","0","not applicable","Organization Trust and Procurement | Community Acquired Finance","Review current capabilities, scoped-review items, services not offered, privacy boundaries, and procurement questions for Community Acquired Finance.","Due diligence should describe the real product—not an imagined enterprise platform.","Review current capabilities, scoped-review items, services not offered, privacy boundaries, and procurement questions for Community Acquired Finance.","general public","navigate or use a supporting resource","0 visible words","not applicable","not visible","0","5","29","0","0","none","legacy or inactive route consolidated","complete for final disposition","not applicable or not visibly asserted","redirect","low after remediation"
"https://communityacquiredfinance.com/glossary","hub","3. Legitimate navigational or trust page","200","https://communityacquiredfinance.com/glossary","https://communityacquiredfinance.com/glossary","index, follow, max-image-preview:large","","yes","200 expected","https://communityacquiredfinance.com/glossary","https://communityacquiredfinance.com/glossary","index, follow, max-image-preview:large","","yes","URL-level status unavailable; coverage export is aggregate only","unavailable in attached exports","0","11","yes","Healthcare Finance Glossary | Community Acquired Finance","Plain-English definitions for health insurance, Medicare, Medicaid, medical billing, retirement accounts, workplace benefits, and hospital finance terms.","Healthcare finance terms, defined like a human.","Plain-English definitions for health insurance, Medicare, Medicaid, medical billing, retirement accounts, workplace benefits, and hospital finance terms.","patients, families, and caregivers","navigate or use a supporting resource","554 visible words","not visible","not visible","0","168","23","162","23","BreadcrumbList; WebPage","no exact metadata duplication detected","complete for final disposition","not applicable or not visibly asserted","retain","low"
"https://communityacquiredfinance.com/guides","directory","3. Legitimate navigational or trust page","200","https://communityacquiredfinance.com/guides","https://communityacquiredfinance.com/guides","index, follow, max-image-preview:large","","yes","200 expected","https://communityacquiredfinance.com/guides","https://communityacquiredfinance.com/guides","index, follow, max-image-preview:large","","yes","URL-level status unavailable; coverage export is aggregate only","unavailable in attached exports","0","0","yes","Healthcare Finance Quick Guides | Community Acquired Finance","Download and use concise, source-backed guides for Medicare, Medicaid, hospital discharge, medical bills, and healthcare financial decisions.","Use the format that fits the healthcare question in front of you","Download and use concise, source-backed guides for Medicare, Medicaid, hospital discharge, medical bills, and healthcare financial decisions.","patients, families, and caregivers","navigate or use a supporting resource","422 visible words","not visible","not visible","0","169","30","162","30","BreadcrumbList; CollectionPage","no exact metadata duplication detected","complete for final disposition","not applicable or not visibly asserted","retain","low"
"https://communityacquiredfinance.com/guides/hospital-discharge-medicare","guide","1. Strong standalone educational resource","200","https://communityacquiredfinance.com/guides/hospital-discharge-medicare","https://communityacquiredfinance.com/guides/hospital-discharge-medicare","index, follow, max-image-preview:large","","yes","200 expected","https://communityacquiredfinance.com/guides/hospital-discharge-medicare","https://communityacquiredfinance.com/guides/hospital-discharge-medicare","index, follow, max-image-preview:large","","yes","URL-level status unavailable; coverage export is aggregate only","unavailable in attached exports","0","2","yes","Hospital Discharge, Medicare, and Long-Term Care Guide | Community Acquired Finance","A practical guide for patients, caregivers, and healthcare workers navigating rehab, home health, equipment, Medicare, Medicaid, and long-term care after discharge.","Hospital Discharge & Medicare Quick Guide","A practical guide for patients, caregivers, and healthcare workers navigating rehab, home health, equipment, Medicare, Medicaid, and long-term care after discharge.","healthcare workers","learn and prepare next steps","704 visible words","not visible","not visible","0","6","33","4","33","BreadcrumbList; WebPage","no exact metadata duplication detected","complete for final disposition","not applicable or not visibly asserted","retain","low"
"https://communityacquiredfinance.com/guides/hospital-discharge-medicare-quick-guide.pdf","supporting printable","4. Useful supporting page; accessible but not indexed","200","https://communityacquiredfinance.com/guides/hospital-discharge-medicare-quick-guide.pdf","","","","no","200 expected","https://communityacquiredfinance.com/guides/hospital-discharge-medicare-quick-guide.pdf","https://communityacquiredfinance.com/guides/hospital-discharge-medicare-quick-guide.pdf","X-Robots-Tag noindex","noindex configured","no","excluded by final noindex","unavailable in attached exports","0","0","not verified","","","","supporting printable for Community Acquired Finance visitors","general public","navigate or use a supporting resource","0 visible words","not applicable","not visible","0","2","0","2","0","none","supporting or printable variant removed from index","complete for final disposition","not applicable or not visibly asserted","noindex","low after remediation"
"https://communityacquiredfinance.com/guides/medicare-medicaid-guide","guide","9. Legacy route","308","/guides/hospital-discharge-medicare","","","","no","308 expected","https://communityacquiredfinance.com/guides/hospital-discharge-medicare","","","","no","excluded by final redirect","unavailable in attached exports","0","0","not applicable","","","Redirecting (308)","guide for Community Acquired Finance visitors","general public","learn and prepare next steps","0 visible words","not applicable","not visible","0","0","1","0","0","none","legacy or inactive route consolidated","complete for final disposition","not applicable or not visibly asserted","redirect","low after remediation"
"https://communityacquiredfinance.com/guides/medicare-medicaid-rehab-long-term-care","guide","9. Legacy route","308","/guides/hospital-discharge-medicare","","","","no","308 expected","https://communityacquiredfinance.com/guides/hospital-discharge-medicare","","","","no","excluded by final redirect","unavailable in attached exports","0","0","not applicable","","","Redirecting (308)","guide for Community Acquired Finance visitors","general public","learn and prepare next steps","0 visible words","not applicable","not visible","0","0","1","0","0","none","legacy or inactive route consolidated","complete for final disposition","not applicable or not visibly asserted","redirect","low after remediation"
"https://communityacquiredfinance.com/healthcare-workers","hub","3. Legitimate navigational or trust page","200","https://communityacquiredfinance.com/healthcare-workers","https://communityacquiredfinance.com/healthcare-workers","index, follow, max-image-preview:large","","yes","200 expected","https://communityacquiredfinance.com/healthcare-workers","https://communityacquiredfinance.com/healthcare-workers","index, follow, max-image-preview:large","","yes","URL-level status unavailable; coverage export is aggregate only","unavailable in attached exports","1","11","yes","Financial Guides for Healthcare Workers | Community Acquired Finance","Plain-English guidance for healthcare-worker paychecks, benefits, retirement accounts, burnout spending, career flexibility, and wealth building.","Money education built for healthcare workers.","Plain-English guidance for healthcare-worker paychecks, benefits, retirement accounts, burnout spending, career flexibility, and wealth building.","general public","navigate or use a supporting resource","716 visible words","not visible","not visible","0","170","38","162","38","BreadcrumbList; CollectionPage","no exact metadata duplication detected","complete for final disposition","not applicable or not visibly asserted","retain","low"
"https://communityacquiredfinance.com/healthcare-workers/career-decisions","guide","1. Strong standalone educational resource","200","https://communityacquiredfinance.com/healthcare-workers/career-decisions","https://communityacquiredfinance.com/healthcare-workers/career-decisions","index, follow, max-image-preview:large","","yes","200 expected","https://communityacquiredfinance.com/healthcare-workers/career-decisions","https://communityacquiredfinance.com/healthcare-workers/career-decisions","index, follow, max-image-preview:large","","yes","URL-level status unavailable; coverage export is aggregate only","unavailable in attached exports","0","0","yes","Healthcare Career Decision Center | Community Acquired Finance","Compare healthcare roles using total compensation, schedule, call, travel, career trajectory, transition risks, negotiation questions, and actions before resigning.","Compare the role, then control the transition.","Compare healthcare roles using total compensation, schedule, call, travel, career trajectory, transition risks, negotiation questions, and actions before resigning.","general public","learn and prepare next steps","276 visible words","not visible","not visible","0","2","25","1","25","BreadcrumbList; WebApplication","no exact metadata duplication detected","complete for final disposition","not applicable or not visibly asserted","retain","low"
"https://communityacquiredfinance.com/healthcare-workers/paycheck-tools","directory","3. Legitimate navigational or trust page","200","https://communityacquiredfinance.com/healthcare-workers/paycheck-tools","https://communityacquiredfinance.com/healthcare-workers/paycheck-tools","index, follow, max-image-preview:large","","yes","200 expected","https://communityacquiredfinance.com/healthcare-workers/paycheck-tools","https://communityacquiredfinance.com/healthcare-workers/paycheck-tools","index, follow, max-image-preview:large","","yes","URL-level status unavailable; coverage export is aggregate only","unavailable in attached exports","0","6","yes","Healthcare Worker Paycheck Tools | Community Acquired Finance","Use RN-focused paycheck, overtime, retirement contribution, and savings tools built for healthcare workers.","Healthcare Worker Paycheck Tools","Use RN-focused paycheck, overtime, retirement contribution, and savings tools built for healthcare workers.","healthcare workers","navigate or use a supporting resource","276 visible words","not visible","not visible","2","1","23","1","23","BreadcrumbList; WebApplication","no exact metadata duplication detected","complete for final disposition","not applicable or not visibly asserted","strengthen","low"
"https://communityacquiredfinance.com/insurance","hub","3. Legitimate navigational or trust page","200","https://communityacquiredfinance.com/insurance","https://communityacquiredfinance.com/insurance","index, follow, max-image-preview:large","","yes","200 expected","https://communityacquiredfinance.com/insurance","https://communityacquiredfinance.com/insurance","index, follow, max-image-preview:large","","yes","URL-level status unavailable; coverage export is aggregate only","unavailable in attached exports","0","22","yes","Health Insurance and Workplace Benefits | Community Acquired Finance","Decision tools and plain-English guides for health insurance, open enrollment, EOBs, medical bills, prior authorization, and workplace benefits.","Pick the situation first. Then use the right tool.","Decision tools and plain-English guides for health insurance, open enrollment, EOBs, medical bills, prior authorization, and workplace benefits.","general public","navigate or use a supporting resource","1074 visible words","not visible","not visible","0","168","40","162","40","BreadcrumbList; CollectionPage","no exact metadata duplication detected","complete for final disposition","not applicable or not visibly asserted","retain","low"
"https://communityacquiredfinance.com/insurance/commercial-insurance-comparison","guide","1. Strong standalone educational resource","200","https://communityacquiredfinance.com/insurance/commercial-insurance-comparison","https://communityacquiredfinance.com/insurance/commercial-insurance-comparison","index, follow, max-image-preview:large","","yes","200 expected","https://communityacquiredfinance.com/insurance/commercial-insurance-comparison","https://communityacquiredfinance.com/insurance/commercial-insurance-comparison","index, follow, max-image-preview:large","","yes","URL-level status unavailable; coverage export is aggregate only","unavailable in attached exports","0","9","yes","Health Insurance Comparison Framework | Community Acquired Finance","Compare health plans by total cost, network, prescriptions, prior authorization, and worst-case exposure without insurer rankings or sales pressure.","Compare Health Insurance Plans Without Building a Stale Plan Database","Compare health plans by total cost, network, prescriptions, prior authorization, and worst-case exposure without insurer rankings or sales pressure.","general public","learn and prepare next steps","1340 visible words","not visible","not visible","6","5","24","4","24","BreadcrumbList; WebPage","no exact metadata duplication detected","complete for final disposition","not applicable or not visibly asserted","retain","low"
"https://communityacquiredfinance.com/insurance/discharge-checklist","guide","9. Legacy route","308","/insurance/hospital-discharge-coverage/printable","","","","no","308 expected","https://communityacquiredfinance.com/insurance/hospital-discharge-coverage/printable","","","","no","excluded by final redirect","unavailable in attached exports","0","0","not applicable","","","Redirecting (308)","guide for Community Acquired Finance visitors","general public","learn and prepare next steps","0 visible words","not applicable","not visible","0","0","1","0","0","none","legacy or inactive route consolidated","complete for final disposition","not applicable or not visibly asserted","redirect","low after remediation"
"https://communityacquiredfinance.com/insurance/discharge-coverage","guide","9. Legacy route","308","/insurance/hospital-discharge-coverage","","","","no","308 expected","https://communityacquiredfinance.com/insurance/hospital-discharge-coverage","","","","no","excluded by final redirect","unavailable in attached exports","0","0","not applicable","","","Redirecting (308)","guide for Community Acquired Finance visitors","general public","learn and prepare next steps","0 visible words","not applicable","not visible","0","0","1","0","0","none","legacy or inactive route consolidated","complete for final disposition","not applicable or not visibly asserted","redirect","low after remediation"
"https://communityacquiredfinance.com/insurance/health-insurance-plan-types","guide","1. Strong standalone educational resource","200","https://communityacquiredfinance.com/insurance/health-insurance-plan-types","https://communityacquiredfinance.com/insurance/health-insurance-plan-types","index, follow, max-image-preview:large","","yes","200 expected","https://communityacquiredfinance.com/insurance/health-insurance-plan-types","https://communityacquiredfinance.com/insurance/health-insurance-plan-types","index, follow, max-image-preview:large","","yes","URL-level status unavailable; coverage export is aggregate only","unavailable in attached exports","0","10","yes","Health Insurance Plan Types Explained | Community Acquired Finance","Compare HMO, PPO, EPO, POS, HDHP, and other health insurance plan structures without insurance jargon.","HMO, PPO, EPO, HDHP: What the Plan Names Actually Mean","Compare HMO, PPO, EPO, POS, HDHP, and other health insurance plan structures without insurance jargon.","general public","learn and prepare next steps","842 visible words","not visible","not visible","4","3","25","2","25","BreadcrumbList; WebPage","no exact metadata duplication detected","complete for final disposition","not applicable or not visibly asserted","retain","low"
"https://communityacquiredfinance.com/insurance/hospital-discharge-coverage","guide","1. Strong standalone educational resource","200","https://communityacquiredfinance.com/insurance/hospital-discharge-coverage","https://communityacquiredfinance.com/insurance/hospital-discharge-coverage","index, follow, max-image-preview:large","","yes","200 expected","https://communityacquiredfinance.com/insurance/hospital-discharge-coverage","https://communityacquiredfinance.com/insurance/hospital-discharge-coverage","index, follow, max-image-preview:large","","yes","URL-level status unavailable; coverage export is aggregate only","unavailable in attached exports","0","9","yes","Hospital Discharge Coverage Guide | Community Acquired Finance","Check coverage questions for rehab, skilled nursing, home health, equipment, transportation, prescriptions, and post-hospital care.","When Insurance Says No at Discharge: A Family Guide","Check coverage questions for rehab, skilled nursing, home health, equipment, transportation, prescriptions, and post-hospital care.","patients, families, and caregivers","learn and prepare next steps","2213 visible words","not visible","not visible","5","9","26","7","26","BreadcrumbList; WebPage","no exact metadata duplication detected","complete for final disposition","not applicable or not visibly asserted","retain","low"
"https://communityacquiredfinance.com/insurance/hospital-discharge-coverage/printable","supporting printable","4. Useful supporting page; accessible but not indexed","200","https://communityacquiredfinance.com/insurance/hospital-discharge-coverage/printable","https://communityacquiredfinance.com/insurance/hospital-discharge-coverage/printable","index, follow, max-image-preview:large","","yes","200 expected","https://communityacquiredfinance.com/insurance/hospital-discharge-coverage/printable","https://communityacquiredfinance.com/insurance/hospital-discharge-coverage/printable","noindex, follow","","no","excluded by final noindex","unavailable in attached exports","0","0","yes","Printable Hospital Discharge Coverage Checklist | Community Acquired Finance","Print a practical checklist for Medicare status, authorization, networks, rehab, home health, equipment, medications, and backup care planning.","Before Discharge: What to Ask Today","Print a practical checklist for Medicare status, authorization, networks, rehab, home health, equipment, medications, and backup care planning.","patients, families, and caregivers","navigate or use a supporting resource","338 visible words","not visible","not visible","0","2","25","1","25","none","supporting or printable variant removed from index","complete for final disposition","not applicable or not visibly asserted","noindex","low after remediation"
"https://communityacquiredfinance.com/insurance/how-to-read-an-sbc","guide","1. Strong standalone educational resource","200","https://communityacquiredfinance.com/insurance/how-to-read-an-sbc","https://communityacquiredfinance.com/insurance/how-to-read-an-sbc","index, follow, max-image-preview:large","","yes","200 expected","https://communityacquiredfinance.com/insurance/how-to-read-an-sbc","https://communityacquiredfinance.com/insurance/how-to-read-an-sbc","index, follow, max-image-preview:large","","yes","URL-level status unavailable; coverage export is aggregate only","unavailable in attached exports","0","1","yes","How to Read a Summary of Benefits and Coverage | Community Acquired Finance","Learn how to read an SBC, including premiums, deductibles, copays, coinsurance, networks, exclusions, and coverage examples.","How to Read a Summary of Benefits and Coverage","Learn how to read an SBC, including premiums, deductibles, copays, coinsurance, networks, exclusions, and coverage examples.","general public","learn and prepare next steps","567 visible words","not visible","not visible","4","6","25","5","25","BreadcrumbList; WebPage","no exact metadata duplication detected","complete for final disposition","not applicable or not visibly asserted","retain","low"
"https://communityacquiredfinance.com/insurance/medical-bill-review-toolkit","guide","1. Strong standalone educational resource","200","https://communityacquiredfinance.com/insurance/medical-bill-review-toolkit","https://communityacquiredfinance.com/insurance/medical-bill-review-toolkit","index, follow, max-image-preview:large","","yes","200 expected","https://communityacquiredfinance.com/insurance/medical-bill-review-toolkit","https://communityacquiredfinance.com/insurance/medical-bill-review-toolkit","index, follow, max-image-preview:large","","yes","URL-level status unavailable; coverage export is aggregate only","unavailable in attached exports","0","5","yes","Medical Bill Response System | Community Acquired Finance","Identify an EOB, medical bill, denial, financial-assistance form, or collection notice and follow an RN-led, privacy-minimized review sequence before paying.","Medical Bill Response System","Identify an EOB, medical bill, denial, financial-assistance form, or collection notice and follow an RN-led, privacy-minimized review sequence before paying.","general public","learn and prepare next steps","915 visible words","visible","July 20, 2026","6","26","28","23","28","BreadcrumbList; WebApplication","no exact metadata duplication detected","complete for final disposition","visible RN authorship or founder perspective","retain","low"
"https://communityacquiredfinance.com/insurance/medicare-advantage","guide","1. Strong standalone educational resource","200","https://communityacquiredfinance.com/insurance/medicare-advantage","https://communityacquiredfinance.com/insurance/medicare-advantage","index, follow, max-image-preview:large","","yes","200 expected","https://communityacquiredfinance.com/insurance/medicare-advantage","https://communityacquiredfinance.com/insurance/medicare-advantage","index, follow, max-image-preview:large","","yes","URL-level status unavailable; coverage export is aggregate only","unavailable in attached exports","0","8","yes","Medicare Advantage Comparison Guide | Community Acquired Finance","Compare Medicare Advantage with Original Medicare using networks, prior authorization, drug coverage, benefits, and maximum out-of-pocket exposure.","Compare Medicare Advantage Plans Without Getting Sold To","Compare Medicare Advantage with Original Medicare using networks, prior authorization, drug coverage, benefits, and maximum out-of-pocket exposure.","patients, families, and caregivers","learn and prepare next steps","871 visible words","not visible","not visible","6","5","24","5","24","BreadcrumbList; WebPage","no exact metadata duplication detected","complete for final disposition","not applicable or not visibly asserted","retain","low"
"https://communityacquiredfinance.com/insurance/medicare-advantage-vs-medigap","guide","1. Strong standalone educational resource","200","https://communityacquiredfinance.com/insurance/medicare-advantage-vs-medigap","https://communityacquiredfinance.com/insurance/medicare-advantage-vs-medigap","index, follow, max-image-preview:large","","yes","200 expected","https://communityacquiredfinance.com/insurance/medicare-advantage-vs-medigap","https://communityacquiredfinance.com/insurance/medicare-advantage-vs-medigap","index, follow, max-image-preview:large","","yes","URL-level status unavailable; coverage export is aggregate only","unavailable in attached exports","0","3","yes","Medicare Advantage vs Medigap | Community Acquired Finance","Compare Medicare Advantage and Original Medicare with Medigap by provider access, premiums, cost-sharing, travel, networks, and underwriting considerations.","Medicare Advantage vs Medigap","Compare Medicare Advantage and Original Medicare with Medigap by provider access, premiums, cost-sharing, travel, networks, and underwriting considerations.","patients, families, and caregivers","learn and prepare next steps","214 visible words","not visible","not visible","2","4","29","4","29","BreadcrumbList; WebPage","no exact metadata duplication detected","complete for final disposition","not applicable or not visibly asserted","retain","medium"
"https://communityacquiredfinance.com/insurance/medicare-care-costs","guide","9. Legacy route","308","/medicare-care-costs","","","","no","308 expected","https://communityacquiredfinance.com/medicare-care-costs","","","","no","excluded by final redirect","unavailable in attached exports","0","0","not applicable","","","Redirecting (308)","guide for Community Acquired Finance visitors","general public","learn and prepare next steps","0 visible words","not applicable","not visible","0","0","1","0","0","none","legacy or inactive route consolidated","complete for final disposition","not applicable or not visibly asserted","redirect","low after remediation"
"https://communityacquiredfinance.com/insurance/medication-coverage-checklist","guide","1. Strong standalone educational resource","200","https://communityacquiredfinance.com/insurance/medication-coverage-checklist","https://communityacquiredfinance.com/insurance/medication-coverage-checklist","index, follow, max-image-preview:large","","yes","200 expected","https://communityacquiredfinance.com/insurance/medication-coverage-checklist","https://communityacquiredfinance.com/insurance/medication-coverage-checklist","index, follow, max-image-preview:large","","yes","URL-level status unavailable; coverage export is aggregate only","unavailable in attached exports","0","1","yes","Medication Coverage Checklist | Community Acquired Finance","Check formularies, tiers, pharmacies, prior authorization, quantity limits, step therapy, and estimated prescription costs.","Medication Coverage Checklist","Check formularies, tiers, pharmacies, prior authorization, quantity limits, step therapy, and estimated prescription costs.","general public","learn and prepare next steps","295 visible words","not visible","not visible","4","8","24","8","24","BreadcrumbList; WebPage","no exact metadata duplication detected","complete for final disposition","not applicable or not visibly asserted","retain","low"
"https://communityacquiredfinance.com/insurance/plan-types","guide","9. Legacy route","308","/insurance/health-insurance-plan-types","","","","no","308 expected","https://communityacquiredfinance.com/insurance/health-insurance-plan-types","","","","no","excluded by final redirect","unavailable in attached exports","0","0","not applicable","","","Redirecting (308)","guide for Community Acquired Finance visitors","general public","learn and prepare next steps","0 visible words","not applicable","not visible","0","0","1","0","0","none","legacy or inactive route consolidated","complete for final disposition","not applicable or not visibly asserted","redirect","low after remediation"
"https://communityacquiredfinance.com/insurance/prior-authorization-guide","guide","9. Legacy route","308","/tools/prior-authorization-next-step-guide","","","","no","308 expected","https://communityacquiredfinance.com/tools/prior-authorization-next-step-guide","","","","no","excluded by final redirect","unavailable in attached exports","0","1","not applicable","","","Redirecting (308)","guide for Community Acquired Finance visitors","general public","learn and prepare next steps","0 visible words","not applicable","not visible","0","0","1","0","0","none","legacy or inactive route consolidated","complete for final disposition","not applicable or not visibly asserted","redirect","low after remediation"
"https://communityacquiredfinance.com/insurance/summary-of-benefits-and-coverage","guide","9. Legacy route","308","/insurance/how-to-read-an-sbc","","","","no","308 expected","https://communityacquiredfinance.com/insurance/how-to-read-an-sbc","","","","no","excluded by final redirect","unavailable in attached exports","0","0","not applicable","","","Redirecting (308)","guide for Community Acquired Finance visitors","general public","learn and prepare next steps","0 visible words","not applicable","not visible","0","0","1","0","0","none","legacy or inactive route consolidated","complete for final disposition","not applicable or not visibly asserted","redirect","low after remediation"
"https://communityacquiredfinance.com/insurance/what-medicare-advantage-marketing-may-not-emphasize","guide","1. Strong standalone educational resource","200","https://communityacquiredfinance.com/insurance/what-medicare-advantage-marketing-may-not-emphasize","https://communityacquiredfinance.com/insurance/what-medicare-advantage-marketing-may-not-emphasize","index, follow, max-image-preview:large","","yes","200 expected","https://communityacquiredfinance.com/insurance/what-medicare-advantage-marketing-may-not-emphasize","https://communityacquiredfinance.com/insurance/what-medicare-advantage-marketing-may-not-emphasize","index, follow, max-image-preview:large","","yes","URL-level status unavailable; coverage export is aggregate only","unavailable in attached exports","0","2","yes","What Medicare Advantage Marketing May Not Emphasize | Community Acquired Finance","Review networks, prior authorization, post-acute care, drug coverage, travel, and maximum out-of-pocket exposure before choosing a plan.","What Medicare Advantage Marketing May Not Emphasize","Review networks, prior authorization, post-acute care, drug coverage, travel, and maximum out-of-pocket exposure before choosing a plan.","general public","learn and prepare next steps","295 visible words","not visible","not visible","2","1","29","1","29","BreadcrumbList; WebPage","no exact metadata duplication detected","complete for final disposition","not applicable or not visibly asserted","strengthen","low"
"https://communityacquiredfinance.com/legal","guide","9. Legacy route","308","/privacy-policy","","","","no","308 expected","https://communityacquiredfinance.com/privacy-policy","","","","no","excluded by final redirect","unavailable in attached exports","0","0","not applicable","","","Redirecting (308)","guide for Community Acquired Finance visitors","general public","learn and prepare next steps","0 visible words","not applicable","not visible","0","0","1","0","0","none","legacy or inactive route consolidated","complete for final disposition","not applicable or not visibly asserted","redirect","low after remediation"
"https://communityacquiredfinance.com/llms.txt","technical resource","8. Technical or error route","200","https://communityacquiredfinance.com/llms.txt","","","","no","200 expected","https://communityacquiredfinance.com/llms.txt","","","","no","URL-level status unavailable; coverage export is aggregate only","unavailable in attached exports","0","0","not verified","","","","technical resource for Community Acquired Finance visitors","general public","navigate or use a supporting resource","0 visible words","not applicable","not visible","0","0","0","0","0","none","no exact metadata duplication detected","manual verification required","not applicable or not visibly asserted","retain","low"
"https://communityacquiredfinance.com/medicare-care-costs","hub","3. Legitimate navigational or trust page","200","https://communityacquiredfinance.com/medicare-care-costs","https://communityacquiredfinance.com/medicare-care-costs","index, follow, max-image-preview:large","","yes","200 expected","https://communityacquiredfinance.com/medicare-care-costs","https://communityacquiredfinance.com/medicare-care-costs","index, follow, max-image-preview:large","","yes","URL-level status unavailable; coverage export is aggregate only","unavailable in attached exports","0","16","yes","Medicare, Medicaid, and Long-Term Care Cost Hub | Community Acquired Finance","Understand Medicare, Medicaid, Medigap, Medicare Advantage, cost exposure, skilled care, custodial care, and long-term care planning.","Medicare, Medicaid, and Long-Term Care Costs Without the Sales Pitch","Understand Medicare, Medicaid, Medigap, Medicare Advantage, cost exposure, skilled care, custodial care, and long-term care planning.","patients, families, and caregivers","navigate or use a supporting resource","1565 visible words","not visible","July 16, 2026","11","171","30","162","30","BreadcrumbList; WebApplication","no exact metadata duplication detected","complete for final disposition","not applicable or not visibly asserted","retain","low"
"https://communityacquiredfinance.com/medicare-care-costs/turning-65","guide","1. Strong standalone educational resource","200","https://communityacquiredfinance.com/medicare-care-costs/turning-65","https://communityacquiredfinance.com/medicare-care-costs/turning-65","index, follow, max-image-preview:large","","yes","200 expected","https://communityacquiredfinance.com/medicare-care-costs/turning-65","https://communityacquiredfinance.com/medicare-care-costs/turning-65","index, follow, max-image-preview:large","","yes","URL-level status unavailable; coverage export is aggregate only","unavailable in attached exports","0","0","yes","Turning 65 Medicare Enrollment Pathway | Community Acquired Finance","Build a qualified Medicare enrollment timeline using current coverage, active employment, employer size, HSA, prescription coverage, spouse coverage, and official next steps.","Know what to do, when to do it, and what still must be verified.","Build a qualified Medicare enrollment timeline using current coverage, active employment, employer size, HSA, prescription coverage, spouse coverage, and official next steps.","patients, families, and caregivers","learn and prepare next steps","273 visible words","not visible","not visible","0","4","23","4","23","BreadcrumbList; WebApplication","no exact metadata duplication detected","complete for final disposition","not applicable or not visibly asserted","retain","low"
"https://communityacquiredfinance.com/medicare-medicaid","guide","9. Legacy route","308","/medicare-care-costs","","","","no","308 expected","https://communityacquiredfinance.com/medicare-care-costs","","","","no","excluded by final redirect","unavailable in attached exports","0","0","not applicable","","","Redirecting (308)","guide for Community Acquired Finance visitors","general public","learn and prepare next steps","0 visible words","not applicable","not visible","0","0","1","0","0","none","legacy or inactive route consolidated","complete for final disposition","not applicable or not visibly asserted","redirect","low after remediation"
"https://communityacquiredfinance.com/methodology","trust","3. Legitimate navigational or trust page","200","https://communityacquiredfinance.com/methodology","https://communityacquiredfinance.com/methodology","index, follow, max-image-preview:large","","yes","200 expected","https://communityacquiredfinance.com/methodology","https://communityacquiredfinance.com/methodology","index, follow, max-image-preview:large","","yes","URL-level status unavailable; coverage export is aggregate only","unavailable in attached exports","0","10","yes","Research and Editorial Methodology | Community Acquired Finance","See how Community Acquired Finance selects sources, checks claims, updates educational content, and separates editorial judgment from monetization.","How the site chooses sources and builds articles.","See how Community Acquired Finance selects sources, checks claims, updates educational content, and separates editorial judgment from monetization.","all visitors and reviewers","verify publisher trust and terms","1051 visible words","not visible","not visible","50","169","23","162","23","BreadcrumbList; WebPage","no exact metadata duplication detected","complete for final disposition","not applicable or not visibly asserted","retain","low"
"https://communityacquiredfinance.com/newsletter","guide","1. Strong standalone educational resource","200","https://communityacquiredfinance.com/newsletter","https://communityacquiredfinance.com/newsletter","index, follow, max-image-preview:large","","yes","200 expected","https://communityacquiredfinance.com/newsletter","https://communityacquiredfinance.com/newsletter","index, follow, max-image-preview:large","","yes","URL-level status unavailable; coverage export is aggregate only","unavailable in attached exports","0","2","yes","Community Acquired Finance Newsletter","Get practical, low-frequency updates on retirement, workplace benefits, insurance, medical bills, Medicare, Medicaid, and new financial tools.","Practical healthcare-money guidance, once a month.","Get practical, low-frequency updates on retirement, workplace benefits, insurance, medical bills, Medicare, Medicaid, and new financial tools.","patients, families, and caregivers","learn and prepare next steps","404 visible words","not visible","not visible","0","168","24","162","24","BreadcrumbList; WebPage","no exact metadata duplication detected","complete for final disposition","not applicable or not visibly asserted","retain","low"
"https://communityacquiredfinance.com/open-enrollment","hub","3. Legitimate navigational or trust page","200","https://communityacquiredfinance.com/open-enrollment","https://communityacquiredfinance.com/open-enrollment","index, follow, max-image-preview:large","","yes","200 expected","https://communityacquiredfinance.com/open-enrollment","https://communityacquiredfinance.com/open-enrollment","index, follow, max-image-preview:large","","yes","URL-level status unavailable; coverage export is aggregate only","unavailable in attached exports","0","17","yes","Open Enrollment and Workplace Benefits Guide | Community Acquired Finance","Compare premiums, deductibles, networks, prescriptions, HSAs, FSAs, supplemental benefits, retirement options, and paycheck impact before choosing benefits.","Open Enrollment Guide for Healthcare Workers","Compare premiums, deductibles, networks, prescriptions, HSAs, FSAs, supplemental benefits, retirement options, and paycheck impact before choosing benefits.","general public","navigate or use a supporting resource","829 visible words","not visible","not visible","0","168","40","162","40","BreadcrumbList; CollectionPage","no exact metadata duplication detected","complete for final disposition","not applicable or not visibly asserted","retain","low"
"https://communityacquiredfinance.com/patient-education/capability-manifest.json","technical resource","8. Technical or error route","200","https://communityacquiredfinance.com/patient-education/capability-manifest.json","","","","no","200 expected","https://communityacquiredfinance.com/patient-education/capability-manifest.json","","X-Robots-Tag noindex","noindex configured","no","excluded by final noindex","unavailable in attached exports","0","0","not verified","","","","technical resource for Community Acquired Finance visitors","general public","navigate or use a supporting resource","0 visible words","not applicable","not visible","0","0","0","0","0","none","supporting or printable variant removed from index","complete for final disposition","not applicable or not visibly asserted","noindex","low after remediation"
"https://communityacquiredfinance.com/patient-education/demo/controlled-preview-bundle.json","technical resource","8. Technical or error route","200","https://communityacquiredfinance.com/patient-education/demo/controlled-preview-bundle.json","","","","no","200 expected","https://communityacquiredfinance.com/patient-education/demo/controlled-preview-bundle.json","","X-Robots-Tag noindex","noindex configured","no","excluded by final noindex","unavailable in attached exports","0","0","not verified","","","","technical resource for Community Acquired Finance visitors","general public","navigate or use a supporting resource","0 visible words","not applicable","not visible","0","0","0","0","0","none","supporting or printable variant removed from index","complete for final disposition","not applicable or not visibly asserted","noindex","low after remediation"
"https://communityacquiredfinance.com/patient-education/schemas/controlled-preview-bundle-v1.schema.json","technical resource","8. Technical or error route","200","https://communityacquiredfinance.com/patient-education/schemas/controlled-preview-bundle-v1.schema.json","","","","no","200 expected","https://communityacquiredfinance.com/patient-education/schemas/controlled-preview-bundle-v1.schema.json","","X-Robots-Tag noindex","noindex configured","no","excluded by final noindex","unavailable in attached exports","0","0","not verified","","","","technical resource for Community Acquired Finance visitors","general public","navigate or use a supporting resource","0 visible words","not applicable","not visible","0","0","0","0","0","none","supporting or printable variant removed from index","complete for final disposition","not applicable or not visibly asserted","noindex","low after remediation"
"https://communityacquiredfinance.com/patient-education/schemas/public-package-descriptor-v1.schema.json","technical resource","8. Technical or error route","200","https://communityacquiredfinance.com/patient-education/schemas/public-package-descriptor-v1.schema.json","","","","no","200 expected","https://communityacquiredfinance.com/patient-education/schemas/public-package-descriptor-v1.schema.json","","X-Robots-Tag noindex","noindex configured","no","excluded by final noindex","unavailable in attached exports","0","0","not verified","","","","technical resource for Community Acquired Finance visitors","general public","navigate or use a supporting resource","0 visible words","not applicable","not visible","0","0","0","0","0","none","supporting or printable variant removed from index","complete for final disposition","not applicable or not visibly asserted","noindex","low after remediation"
"https://communityacquiredfinance.com/patients-families","hub","3. Legitimate navigational or trust page","200","https://communityacquiredfinance.com/patients-families","https://communityacquiredfinance.com/patients-families","index, follow, max-image-preview:large","","yes","200 expected","https://communityacquiredfinance.com/patients-families","https://communityacquiredfinance.com/patients-families","index, follow, max-image-preview:large","","yes","URL-level status unavailable; coverage export is aggregate only","unavailable in attached exports","1","23","yes","Patient and Caregiver Healthcare Guides | Community Acquired Finance","Choose a clear path for a hospital stay, discharge, rehabilitation, medical bills, denied care, medication coverage, Medicare, Medicaid, or long-term care.","Start with the situation in front of you.","Choose a clear path for a hospital stay, discharge, rehabilitation, medical bills, denied care, medication coverage, Medicare, Medicaid, or long-term care.","patients, families, and caregivers","navigate or use a supporting resource","746 visible words","visible","not visible","0","168","43","162","43","BreadcrumbList; CollectionPage","no exact metadata duplication detected","complete for final disposition","visible RN authorship or founder perspective","retain","low"
"https://communityacquiredfinance.com/patients-families/diagnosis-explained/acute-kidney-injury","guide","1. Strong standalone educational resource","200","https://communityacquiredfinance.com/patients-families/diagnosis-explained/acute-kidney-injury","https://communityacquiredfinance.com/patients-families/diagnosis-explained/acute-kidney-injury","index, follow, max-image-preview:large","","yes","200 expected","https://communityacquiredfinance.com/patients-families/diagnosis-explained/acute-kidney-injury","https://communityacquiredfinance.com/patients-families/diagnosis-explained/acute-kidney-injury","index, follow, max-image-preview:large","","yes","URL-level status unavailable; coverage export is aggregate only","unavailable in attached exports","0","0","yes","AKI, Explained | Community Acquired Finance","Meaning, common mechanisms, creatinine and urine-output evaluation, fluid and medication review, kidney-replacement therapy boundaries, discharge follow-up, warning signs, questions, and teach-back. Source checked and nurse reviewed.","Acute Kidney Injury, Explained","Meaning, common mechanisms, creatinine and urine-output evaluation, fluid and medication review, kidney-replacement therapy boundaries, discharge follow-up, warning signs, questions, and teach-back. Source checked and nurse reviewed.","healthcare workers","learn and prepare next steps","3411 visible words","not visible","not visible","6","1","24","1","24","BreadcrumbList; MedicalWebPage","no exact metadata duplication detected","complete for final disposition","not applicable or not visibly asserted","retain","low"
"https://communityacquiredfinance.com/patients-families/diagnosis-explained/atrial-fibrillation","guide","1. Strong standalone educational resource","200","https://communityacquiredfinance.com/patients-families/diagnosis-explained/atrial-fibrillation","https://communityacquiredfinance.com/patients-families/diagnosis-explained/atrial-fibrillation","index, follow, max-image-preview:large","","yes","200 expected","https://communityacquiredfinance.com/patients-families/diagnosis-explained/atrial-fibrillation","https://communityacquiredfinance.com/patients-families/diagnosis-explained/atrial-fibrillation","index, follow, max-image-preview:large","","yes","URL-level status unavailable; coverage export is aggregate only","unavailable in attached exports","0","2","yes","AFib, Explained | Community Acquired Finance","Rhythm and rate concepts, AF stages and patterns, stroke-risk assessment, anticoagulant purpose and bleeding safety, cardioversion, ablation, daily management, warning signs, questions, and teach-back. Source checked and nurse reviewed.","Atrial Fibrillation, Explained","Rhythm and rate concepts, AF stages and patterns, stroke-risk assessment, anticoagulant purpose and bleeding safety, cardioversion, ablation, daily management, warning signs, questions, and teach-back. Source checked and nurse reviewed.","healthcare workers","learn and prepare next steps","3406 visible words","not visible","not visible","7","1","24","1","24","BreadcrumbList; MedicalWebPage","no exact metadata duplication detected","complete for final disposition","not applicable or not visibly asserted","retain","low"
"https://communityacquiredfinance.com/patients-families/diagnosis-explained/bowel-obstruction","guide","1. Strong standalone educational resource","200","https://communityacquiredfinance.com/patients-families/diagnosis-explained/bowel-obstruction","https://communityacquiredfinance.com/patients-families/diagnosis-explained/bowel-obstruction","index, follow, max-image-preview:large","","yes","200 expected","https://communityacquiredfinance.com/patients-families/diagnosis-explained/bowel-obstruction","https://communityacquiredfinance.com/patients-families/diagnosis-explained/bowel-obstruction","index, follow, max-image-preview:large","","yes","URL-level status unavailable; coverage export is aggregate only","unavailable in attached exports","0","0","yes","Bowel Obstruction, Explained | Community Acquired Finance","Mechanical obstruction versus ileus, partial versus complete blockage, imaging, bowel rest, decompression, surgery boundaries, discharge diet and bowel-function questions, recurrence signs, and teach-back. Source checked and nurse reviewed.","Bowel Obstruction, Explained","Mechanical obstruction versus ileus, partial versus complete blockage, imaging, bowel rest, decompression, surgery boundaries, discharge diet and bowel-function questions, recurrence signs, and teach-back. Source checked and nurse reviewed.","healthcare workers","learn and prepare next steps","3326 visible words","not visible","not visible","6","1","24","1","24","BreadcrumbList; MedicalWebPage","no exact metadata duplication detected","complete for final disposition","not applicable or not visibly asserted","retain","low"
"https://communityacquiredfinance.com/patients-families/diagnosis-explained/copd","guide","1. Strong standalone educational resource","200","https://communityacquiredfinance.com/patients-families/diagnosis-explained/copd","https://communityacquiredfinance.com/patients-families/diagnosis-explained/copd","index, follow, max-image-preview:large","","yes","200 expected","https://communityacquiredfinance.com/patients-families/diagnosis-explained/copd","https://communityacquiredfinance.com/patients-families/diagnosis-explained/copd","index, follow, max-image-preview:large","","yes","URL-level status unavailable; coverage export is aggregate only","unavailable in attached exports","0","0","yes","COPD, Explained | Community Acquired Finance","A structured, plain-English, nurse-reviewed COPD guide covering spirometry, lung-disease patterns, inhaler purpose and technique, pulmonary rehabilitation, oxygen, flare-ups, warning signs, and care-team questions.","COPD, Explained","A structured, plain-English, nurse-reviewed COPD guide covering spirometry, lung-disease patterns, inhaler purpose and technique, pulmonary rehabilitation, oxygen, flare-ups, warning signs, and care-team questions.","healthcare workers","learn and prepare next steps","4144 visible words","not visible","January 20, 2026","11","1","24","1","24","BreadcrumbList; MedicalWebPage","no exact metadata duplication detected","complete for final disposition","not applicable or not visibly asserted","retain","low"
"https://communityacquiredfinance.com/patients-families/diagnosis-explained/dyslipidemia","guide","1. Strong standalone educational resource","200","https://communityacquiredfinance.com/patients-families/diagnosis-explained/dyslipidemia","https://communityacquiredfinance.com/patients-families/diagnosis-explained/dyslipidemia","index, follow, max-image-preview:large","","yes","200 expected","https://communityacquiredfinance.com/patients-families/diagnosis-explained/dyslipidemia","https://communityacquiredfinance.com/patients-families/diagnosis-explained/dyslipidemia","index, follow, max-image-preview:large","","yes","URL-level status unavailable; coverage export is aggregate only","unavailable in attached exports","0","1","yes","High Cholesterol, Explained | Community Acquired Finance","LDL, non-HDL, triglycerides, ApoB and lipoprotein(a), lifetime and PREVENT-ASCVD risk, statin and nonstatin purposes, laboratory follow-up, side-effect discussions, questions, and teach-back using the 2026 dyslipidemia guideline. Source checked and nurse reviewed.","High Cholesterol, Explained","LDL, non-HDL, triglycerides, ApoB and lipoprotein(a), lifetime and PREVENT-ASCVD risk, statin and nonstatin purposes, laboratory follow-up, side-effect discussions, questions, and teach-back using the 2026 dyslipidemia guideline. Source checked and nurse reviewed.","healthcare workers","learn and prepare next steps","3627 visible words","visible","not visible","8","1","24","1","24","BreadcrumbList; MedicalWebPage","no exact metadata duplication detected","complete for final disposition","visible RN authorship or founder perspective","retain","low"
"https://communityacquiredfinance.com/patients-families/diagnosis-explained/gastrointestinal-bleeding","guide","1. Strong standalone educational resource","200","https://communityacquiredfinance.com/patients-families/diagnosis-explained/gastrointestinal-bleeding","https://communityacquiredfinance.com/patients-families/diagnosis-explained/gastrointestinal-bleeding","index, follow, max-image-preview:large","","yes","200 expected","https://communityacquiredfinance.com/patients-families/diagnosis-explained/gastrointestinal-bleeding","https://communityacquiredfinance.com/patients-families/diagnosis-explained/gastrointestinal-bleeding","index, follow, max-image-preview:large","","yes","URL-level status unavailable; coverage export is aggregate only","unavailable in attached exports","0","1","yes","GI Bleeding, Explained | Community Acquired Finance","Upper, small-bowel, and lower sources; acute versus chronic bleeding; blood counts, endoscopy, imaging, transfusion and medication review; recurrence signs; questions; and teach-back. Source checked and nurse reviewed.","Gastrointestinal Bleeding, Explained","Upper, small-bowel, and lower sources; acute versus chronic bleeding; blood counts, endoscopy, imaging, transfusion and medication review; recurrence signs; questions; and teach-back. Source checked and nurse reviewed.","healthcare workers","learn and prepare next steps","3460 visible words","not visible","not visible","7","1","24","1","24","BreadcrumbList; MedicalWebPage","no exact metadata duplication detected","complete for final disposition","not applicable or not visibly asserted","retain","low"
"https://communityacquiredfinance.com/patients-families/diagnosis-explained/heart-failure","guide","1. Strong standalone educational resource","200","https://communityacquiredfinance.com/patients-families/diagnosis-explained/heart-failure","https://communityacquiredfinance.com/patients-families/diagnosis-explained/heart-failure","index, follow, max-image-preview:large","","yes","200 expected","https://communityacquiredfinance.com/patients-families/diagnosis-explained/heart-failure","https://communityacquiredfinance.com/patients-families/diagnosis-explained/heart-failure","index, follow, max-image-preview:large","","yes","URL-level status unavailable; coverage export is aggregate only","unavailable in attached exports","0","0","yes","Heart Failure, Explained | Community Acquired Finance","A structured, plain-English, nurse-reviewed heart-failure guide covering types, causes, tests, treatment goals, medication purpose, home monitoring, warning signs, and care-team questions.","Heart Failure, Explained","A structured, plain-English, nurse-reviewed heart-failure guide covering types, causes, tests, treatment goals, medication purpose, home monitoring, warning signs, and care-team questions.","healthcare workers","learn and prepare next steps","3847 visible words","not visible","May 21, 2025","10","2","24","2","24","BreadcrumbList; MedicalWebPage","no exact metadata duplication detected","complete for final disposition","not applicable or not visibly asserted","retain","low"
"https://communityacquiredfinance.com/patients-families/diagnosis-explained/hypertension","guide","1. Strong standalone educational resource","200","https://communityacquiredfinance.com/patients-families/diagnosis-explained/hypertension","https://communityacquiredfinance.com/patients-families/diagnosis-explained/hypertension","index, follow, max-image-preview:large","","yes","200 expected","https://communityacquiredfinance.com/patients-families/diagnosis-explained/hypertension","https://communityacquiredfinance.com/patients-families/diagnosis-explained/hypertension","index, follow, max-image-preview:large","","yes","URL-level status unavailable; coverage export is aggregate only","unavailable in attached exports","0","0","yes","High Blood Pressure, Explained | Community Acquired Finance","Accurate measurement, 2025 blood-pressure categories, home logs, cardiovascular risk, medication purposes, resistant and secondary hypertension, severe readings versus emergency organ damage, questions, and teach-back. Source checked and nurse reviewed.","High Blood Pressure, Explained","Accurate measurement, 2025 blood-pressure categories, home logs, cardiovascular risk, medication purposes, resistant and secondary hypertension, severe readings versus emergency organ damage, questions, and teach-back. Source checked and nurse reviewed.","healthcare workers","learn and prepare next steps","3324 visible words","not visible","not visible","6","1","24","1","24","BreadcrumbList; MedicalWebPage","no exact metadata duplication detected","complete for final disposition","not applicable or not visibly asserted","retain","low"
"https://communityacquiredfinance.com/patients-families/diagnosis-explained/kidney-failure","guide","1. Strong standalone educational resource","200","https://communityacquiredfinance.com/patients-families/diagnosis-explained/kidney-failure","https://communityacquiredfinance.com/patients-families/diagnosis-explained/kidney-failure","index, follow, max-image-preview:large","","yes","200 expected","https://communityacquiredfinance.com/patients-families/diagnosis-explained/kidney-failure","https://communityacquiredfinance.com/patients-families/diagnosis-explained/kidney-failure","index, follow, max-image-preview:large","","yes","URL-level status unavailable; coverage export is aggregate only","unavailable in attached exports","0","0","yes","ESRD, Explained | Community Acquired Finance","Kidney-failure terminology, symptoms and laboratory problems, hemodialysis, peritoneal dialysis, transplant and conservative management, access and infection safety, medicines and nutrition boundaries, warning signs, questions, and teach-back. Source checked and nurse reviewed.","Kidney Failure, Explained","Kidney-failure terminology, symptoms and laboratory problems, hemodialysis, peritoneal dialysis, transplant and conservative management, access and infection safety, medicines and nutrition boundaries, warning signs, questions, and teach-back. Source checked and nurse reviewed.","healthcare workers","learn and prepare next steps","3537 visible words","not visible","not visible","8","1","24","1","24","BreadcrumbList; MedicalWebPage","no exact metadata duplication detected","complete for final disposition","not applicable or not visibly asserted","retain","low"
"https://communityacquiredfinance.com/patients-families/hospital-guide","guide","1. Strong standalone educational resource","200","https://communityacquiredfinance.com/patients-families/hospital-guide","https://communityacquiredfinance.com/patients-families/hospital-guide","index, follow, max-image-preview:large","","yes","200 expected","https://communityacquiredfinance.com/patients-families/hospital-guide","https://communityacquiredfinance.com/patients-families/hospital-guide","index, follow, max-image-preview:large","","yes","URL-level status unavailable; coverage export is aggregate only","unavailable in attached exports","0","2","yes","Hospital & Patient Guide: Understand a Hospital Stay | Community Acquired Finance","Understand what commonly happens before, during, and after a hospital stay, including medications, discharge planning, insurance coverage, and medical bills.","What do you need help with right now?","Understand what commonly happens before, during, and after a hospital stay, including medications, discharge planning, insurance coverage, and medical bills.","patients, families, and caregivers","learn and prepare next steps","1895 visible words","not visible","not visible","0","14","32","12","32","BreadcrumbList; CollectionPage","no exact metadata duplication detected","complete for final disposition","not applicable or not visibly asserted","retain","low"
"https://communityacquiredfinance.com/policies","guide","9. Legacy route","308","/privacy-policy","","","","no","308 expected","https://communityacquiredfinance.com/privacy-policy","","","","no","excluded by final redirect","unavailable in attached exports","0","0","not applicable","","","Redirecting (308)","guide for Community Acquired Finance visitors","general public","learn and prepare next steps","0 visible words","not applicable","not visible","0","0","1","0","0","none","legacy or inactive route consolidated","complete for final disposition","not applicable or not visibly asserted","redirect","low after remediation"
"https://communityacquiredfinance.com/policy","guide","9. Legacy route","308","/privacy-policy","","","","no","308 expected","https://communityacquiredfinance.com/privacy-policy","","","","no","excluded by final redirect","unavailable in attached exports","0","0","not applicable","","","Redirecting (308)","guide for Community Acquired Finance visitors","general public","learn and prepare next steps","0 visible words","not applicable","not visible","0","0","1","0","0","none","legacy or inactive route consolidated","complete for final disposition","not applicable or not visibly asserted","redirect","low after remediation"
"https://communityacquiredfinance.com/premium/access","guide","9. Legacy route","308","/sign-in","","","","no","308 expected","https://communityacquiredfinance.com/sign-in","","","","no","excluded by final redirect","unavailable in attached exports","0","0","not applicable","","","Redirecting (308)","guide for Community Acquired Finance visitors","general public","learn and prepare next steps","0 visible words","not applicable","not visible","0","0","1","0","0","none","legacy or inactive route consolidated","complete for final disposition","not applicable or not visibly asserted","redirect","low after remediation"
"https://communityacquiredfinance.com/premium/healthcare-compensation-benefits","guide","9. Legacy route","308","/app/benefits-decision","","","","no","308 expected","https://communityacquiredfinance.com/app/benefits-decision","","","","no","excluded by final redirect","unavailable in attached exports","0","0","not applicable","","","Redirecting (308)","guide for Community Acquired Finance visitors","general public","learn and prepare next steps","0 visible words","not applicable","not visible","0","0","1","0","0","none","legacy or inactive route consolidated","complete for final disposition","not applicable or not visibly asserted","redirect","low after remediation"
"https://communityacquiredfinance.com/privacy","guide","9. Legacy route","308","/privacy-policy","","","","no","308 expected","https://communityacquiredfinance.com/privacy-policy","","","","no","excluded by final redirect","unavailable in attached exports","0","0","not applicable","","","Redirecting (308)","guide for Community Acquired Finance visitors","general public","learn and prepare next steps","0 visible words","not applicable","not visible","0","0","1","0","0","none","legacy or inactive route consolidated","complete for final disposition","not applicable or not visibly asserted","redirect","low after remediation"
"https://communityacquiredfinance.com/privacy-policy","legal","3. Legitimate navigational or trust page","200","https://communityacquiredfinance.com/privacy-policy","https://communityacquiredfinance.com/privacy-policy","index, follow, max-image-preview:large","","yes","200 expected","https://communityacquiredfinance.com/privacy-policy","https://communityacquiredfinance.com/privacy-policy","index, follow, max-image-preview:large","","yes","URL-level status unavailable; coverage export is aggregate only","unavailable in attached exports","0","7","yes","Privacy Policy | Community Acquired Finance","Read the Community Acquired Finance privacy policy.","Privacy Policy","Read the Community Acquired Finance privacy policy.","all visitors and reviewers","verify publisher trust and terms","1611 visible words","not visible","July 24, 2026","0","172","23","162","23","BreadcrumbList; WebPage","no exact metadata duplication detected","complete for final disposition","not applicable or not visibly asserted","retain","low"
"https://communityacquiredfinance.com/products","retired product route","9. Legacy route","308","/tools","","","","no","308 expected","https://communityacquiredfinance.com/tools","","","","no","excluded by final redirect","unavailable in attached exports","0","0","not applicable","","","Redirecting (308)","retired product route for Community Acquired Finance visitors","general public","navigate or use a supporting resource","0 visible words","not applicable","not visible","0","0","1","0","0","none","legacy or inactive route consolidated","complete for final disposition","not applicable or not visibly asserted","redirect","low after remediation"
"https://communityacquiredfinance.com/products/expanded-medical-bill-response-workbook","retired product route","9. Legacy route","308","/insurance/medical-bill-review-toolkit","","","","no","308 expected","https://communityacquiredfinance.com/insurance/medical-bill-review-toolkit","","","","no","excluded by final redirect","unavailable in attached exports","0","0","not applicable","","","Redirecting (308)","retired product route for Community Acquired Finance visitors","general public","navigate or use a supporting resource","0 visible words","not applicable","not visible","0","1","1","0","0","none","legacy or inactive route consolidated","complete for final disposition","not applicable or not visibly asserted","redirect","low after remediation"
"https://communityacquiredfinance.com/products/expanded-medical-bill-response-workbook.html","retired product route","9. Legacy route","308","/products/expanded-medical-bill-response-workbook","","","","no","308 expected","https://communityacquiredfinance.com/insurance/medical-bill-review-toolkit","","","","no","excluded by final redirect","unavailable in attached exports","0","0","not applicable","","","Redirecting (308)","retired product route for Community Acquired Finance visitors","general public","navigate or use a supporting resource","0 visible words","not applicable","not visible","0","0","1","0","0","none","legacy or inactive route consolidated","complete for final disposition","not applicable or not visibly asserted","redirect","low after remediation"
"https://communityacquiredfinance.com/products/healthcare-worker-benefits-decision-pack","retired product route","9. Legacy route","308","/healthcare-workers","","","","no","308 expected","https://communityacquiredfinance.com/healthcare-workers","","","","no","excluded by final redirect","unavailable in attached exports","0","0","not applicable","","","Redirecting (308)","retired product route for Community Acquired Finance visitors","general public","navigate or use a supporting resource","0 visible words","not applicable","not visible","0","0","1","0","0","none","legacy or inactive route consolidated","complete for final disposition","not applicable or not visibly asserted","redirect","low after remediation"
"https://communityacquiredfinance.com/products/healthcare-worker-benefits-decision-system","retired product route","9. Legacy route","308","/healthcare-workers","","","","no","308 expected","https://communityacquiredfinance.com/healthcare-workers","","","","no","excluded by final redirect","unavailable in attached exports","0","0","not applicable","","","Redirecting (308)","retired product route for Community Acquired Finance visitors","general public","navigate or use a supporting resource","0 visible words","not applicable","not visible","0","1","1","1","0","none","legacy or inactive route consolidated","complete for final disposition","not applicable or not visibly asserted","redirect","low after remediation"
"https://communityacquiredfinance.com/quick-guides","guide","9. Legacy route","308","/guides","","","","no","308 expected","https://communityacquiredfinance.com/guides","","","","no","excluded by final redirect","unavailable in attached exports","0","0","not applicable","","","Redirecting (308)","guide for Community Acquired Finance visitors","general public","learn and prepare next steps","0 visible words","not applicable","not visible","0","0","1","0","0","none","legacy or inactive route consolidated","complete for final disposition","not applicable or not visibly asserted","redirect","low after remediation"
"https://communityacquiredfinance.com/robots.txt","technical resource","8. Technical or error route","200","https://communityacquiredfinance.com/robots.txt","","","","no","200 expected","https://communityacquiredfinance.com/robots.txt","","","","no","URL-level status unavailable; coverage export is aggregate only","unavailable in attached exports","0","0","not verified","","","","technical resource for Community Acquired Finance visitors","general public","navigate or use a supporting resource","0 visible words","not applicable","not visible","0","0","0","0","0","none","no exact metadata duplication detected","manual verification required","not applicable or not visibly asserted","retain","low"
"https://communityacquiredfinance.com/sign-in","private application","8. Technical or error route","200","https://communityacquiredfinance.com/sign-in","https://communityacquiredfinance.com/sign-in","noindex, nofollow, noarchive","noindex, nofollow, noarchive","no","200 expected","https://communityacquiredfinance.com/sign-in","https://communityacquiredfinance.com/sign-in","noindex, nofollow, noarchive","noindex, nofollow, noarchive","no","excluded by final noindex","unavailable in attached exports","0","0","not verified","Secure Account Sign In | Community Acquired Finance","Sign in to Community Acquired Finance account-based applications.","Secure account access","Sign in to Community Acquired Finance account-based applications.","authenticated account users","navigate or use a supporting resource","44 visible words","not visible","not visible","0","2","1","1","1","none","supporting or printable variant removed from index","complete for final disposition","not applicable or not visibly asserted","noindex","low after remediation"
"https://communityacquiredfinance.com/site.webmanifest","technical resource","8. Technical or error route","200","https://communityacquiredfinance.com/site.webmanifest","","","","no","200 expected","https://communityacquiredfinance.com/site.webmanifest","","","","no","URL-level status unavailable; coverage export is aggregate only","unavailable in attached exports","0","0","not verified","","","","technical resource for Community Acquired Finance visitors","general public","navigate or use a supporting resource","0 visible words","not applicable","not visible","0","0","0","0","0","none","no exact metadata duplication detected","manual verification required","not applicable or not visibly asserted","retain","low"
"https://communityacquiredfinance.com/sitemap.xml","technical resource","8. Technical or error route","200","https://communityacquiredfinance.com/sitemap.xml","","","","no","200 expected","https://communityacquiredfinance.com/sitemap.xml","","","","no","URL-level status unavailable; coverage export is aggregate only","unavailable in attached exports","0","0","not verified","","","","technical resource for Community Acquired Finance visitors","general public","navigate or use a supporting resource","0 visible words","not applicable","not visible","0","0","0","0","0","none","no exact metadata duplication detected","manual verification required","not applicable or not visibly asserted","retain","low"
"https://communityacquiredfinance.com/sources","guide","9. Legacy route","308","/methodology","","","","no","308 expected","https://communityacquiredfinance.com/methodology","","","","no","excluded by final redirect","unavailable in attached exports","0","0","not applicable","","","Redirecting (308)","guide for Community Acquired Finance visitors","general public","learn and prepare next steps","0 visible words","not applicable","not visible","0","0","1","0","0","none","legacy or inactive route consolidated","complete for final disposition","not applicable or not visibly asserted","redirect","low after remediation"
"https://communityacquiredfinance.com/start-here","hub","3. Legitimate navigational or trust page","200","https://communityacquiredfinance.com/start-here","https://communityacquiredfinance.com/start-here","index, follow, max-image-preview:large","","yes","200 expected","https://communityacquiredfinance.com/start-here","https://communityacquiredfinance.com/start-here","index, follow, max-image-preview:large","","yes","URL-level status unavailable; coverage export is aggregate only","unavailable in attached exports","1","12","yes","Financial Navigator: Build Your Next Money Action Plan | Community Acquired Finance","Build one private, prioritized action plan for cash, debt, retirement, workplace benefits, healthcare costs, Medicare, Medicaid, or a healthcare-career decision.","Build a practical plan for the financial decision in front of you.","Build one private, prioritized action plan for cash, debt, retirement, workplace benefits, healthcare costs, Medicare, Medicaid, or a healthcare-career decision.","patients, families, and caregivers","navigate or use a supporting resource","543 visible words","not visible","not visible","0","168","28","162","28","BreadcrumbList; WebPage","no exact metadata duplication detected","complete for final disposition","not applicable or not visibly asserted","retain","low"
"https://communityacquiredfinance.com/student-loans","hub","3. Legitimate navigational or trust page","200","https://communityacquiredfinance.com/student-loans","https://communityacquiredfinance.com/student-loans","index, follow, max-image-preview:large","","yes","200 expected","https://communityacquiredfinance.com/student-loans","https://communityacquiredfinance.com/student-loans","index, follow, max-image-preview:large","","yes","URL-level status unavailable; coverage export is aggregate only","unavailable in attached exports","0","74","yes","Student Loan Guide for Healthcare Workers | Community Acquired Finance","A practical overview of student loan payment decisions, refinancing tradeoffs, and repayment planning for healthcare workers.","Student loan relief starts with one question: federal or private?","A practical overview of student loan payment decisions, refinancing tradeoffs, and repayment planning for healthcare workers.","healthcare workers","navigate or use a supporting resource","1171 visible words","not visible","not visible","10","168","23","162","23","BreadcrumbList; WebPage","no exact metadata duplication detected","complete for final disposition","not applicable or not visibly asserted","retain","low"
"https://communityacquiredfinance.com/terms","guide","9. Legacy route","308","/terms-of-use","","","","no","308 expected","https://communityacquiredfinance.com/terms-of-use","","","","no","excluded by final redirect","unavailable in attached exports","0","0","not applicable","","","Redirecting (308)","guide for Community Acquired Finance visitors","general public","learn and prepare next steps","0 visible words","not applicable","not visible","0","0","1","0","0","none","legacy or inactive route consolidated","complete for final disposition","not applicable or not visibly asserted","redirect","low after remediation"
"https://communityacquiredfinance.com/terms-of-service","guide","9. Legacy route","308","/terms-of-use","","","","no","308 expected","https://communityacquiredfinance.com/terms-of-use","","","","no","excluded by final redirect","unavailable in attached exports","0","0","not applicable","","","Redirecting (308)","guide for Community Acquired Finance visitors","general public","learn and prepare next steps","0 visible words","not applicable","not visible","0","0","1","0","0","none","legacy or inactive route consolidated","complete for final disposition","not applicable or not visibly asserted","redirect","low after remediation"
"https://communityacquiredfinance.com/terms-of-use","legal","3. Legitimate navigational or trust page","200","https://communityacquiredfinance.com/terms-of-use","https://communityacquiredfinance.com/terms-of-use","index, follow, max-image-preview:large","","yes","200 expected","https://communityacquiredfinance.com/terms-of-use","https://communityacquiredfinance.com/terms-of-use","index, follow, max-image-preview:large","","yes","URL-level status unavailable; coverage export is aggregate only","unavailable in attached exports","0","0","yes","Terms of Use | Community Acquired Finance","Read the Community Acquired Finance terms of use and educational limitations.","Terms of Use","Read the Community Acquired Finance terms of use and educational limitations.","all visitors and reviewers","verify publisher trust and terms","1480 visible words","not visible","July 24, 2026","0","170","23","162","23","BreadcrumbList; WebPage","no exact metadata duplication detected","complete for final disposition","not applicable or not visibly asserted","retain","low"
"https://communityacquiredfinance.com/tools","directory","3. Legitimate navigational or trust page","200","https://communityacquiredfinance.com/tools","https://communityacquiredfinance.com/tools","index, follow, max-image-preview:large","","yes","200 expected","https://communityacquiredfinance.com/tools","https://communityacquiredfinance.com/tools","index, follow, max-image-preview:large","","yes","URL-level status unavailable; coverage export is aggregate only","unavailable in attached exports","0","52","yes","Financial Calculators, Checklists, and Decision Tools | Community Acquired Finance","Choose a guided financial starting point or browse calculators, checklists, comparisons, and guides for benefits, medical bills, Medicare, student loans, retirement, and everyday money.","Choose a guided answer or browse the full tool library.","Choose a guided financial starting point or browse calculators, checklists, comparisons, and guides for benefits, medical bills, Medicare, student loans, retirement, and everyday money.","patients, families, and caregivers","navigate or use a supporting resource","1223 visible words","not visible","not visible","0","169","72","162","72","BreadcrumbList; CollectionPage","no exact metadata duplication detected","complete for final disposition","not applicable or not visibly asserted","retain","low"
"https://communityacquiredfinance.com/tools/403b-contribution","guided tool","9. Legacy route","308","/tools/403b-paycheck-calculator","","","","no","308 expected","https://communityacquiredfinance.com/tools/403b-paycheck-calculator","","","","no","excluded by final redirect","unavailable in attached exports","0","0","not applicable","","","Redirecting (308)","guided tool for Community Acquired Finance visitors","general public","calculate, compare, or prepare","0 visible words plus interaction","not applicable","not visible","0","0","1","0","0","none","legacy or inactive route consolidated","complete for final disposition","original interactive methodology and next-step guidance","redirect","low after remediation"
"https://communityacquiredfinance.com/tools/403b-paycheck-calculator","calculator","2. Strong interactive tool with adequate education","200","https://communityacquiredfinance.com/tools/403b-paycheck-calculator","https://communityacquiredfinance.com/tools/403b-paycheck-calculator","index, follow, max-image-preview:large","","yes","200 expected","https://communityacquiredfinance.com/tools/403b-paycheck-calculator","https://communityacquiredfinance.com/tools/403b-paycheck-calculator","index, follow, max-image-preview:large","","yes","URL-level status unavailable; coverage export is aggregate only","unavailable in attached exports","0","3","yes","403(b) Paycheck Contribution Calculator | Community Acquired Finance","Estimate your 403(b) contribution per paycheck, annual contribution, employer match, and progress toward the annual contribution limit.","403(b) Paycheck Calculator for Nurses and Healthcare Workers","Estimate your 403(b) contribution per paycheck, annual contribution, employer match, and progress toward the annual contribution limit.","general public","calculate, compare, or prepare","424 visible words plus interaction","not visible","not visible","0","14","29","12","29","BreadcrumbList; WebApplication","no exact metadata duplication detected","complete for final disposition","original interactive methodology and next-step guidance","retain","low"
"https://communityacquiredfinance.com/tools/benefits-change-detector","guided tool","2. Strong interactive tool with adequate education","200","https://communityacquiredfinance.com/tools/benefits-change-detector","https://communityacquiredfinance.com/tools/benefits-change-detector","index, follow, max-image-preview:large","","yes","200 expected","https://communityacquiredfinance.com/tools/benefits-change-detector","https://communityacquiredfinance.com/tools/benefits-change-detector","index, follow, max-image-preview:large","","yes","URL-level status unavailable; coverage export is aggregate only","unavailable in attached exports","0","0","yes","Benefits Change Detector | Community Acquired Finance","Find workplace benefit changes that deserve attention, prepare verification questions, and create a private annual Benefits Change Receipt.","Find the benefit changes that deserve your attention before you re-enroll.","Find workplace benefit changes that deserve attention, prepare verification questions, and create a private annual Benefits Change Receipt.","general public","calculate, compare, or prepare","353 visible words plus interaction","not visible","not visible","0","8","23","7","23","BreadcrumbList; WebApplication","no exact metadata duplication detected","complete for final disposition","original interactive methodology and next-step guidance","retain","low"
"https://communityacquiredfinance.com/tools/benefits-command-center","guided tool","2. Strong interactive tool with adequate education","200","https://communityacquiredfinance.com/tools/benefits-command-center","https://communityacquiredfinance.com/tools/benefits-command-center","index, follow, max-image-preview:large","","yes","200 expected","https://communityacquiredfinance.com/tools/benefits-command-center","https://communityacquiredfinance.com/tools/benefits-command-center","index, follow, max-image-preview:large","","yes","URL-level status unavailable; coverage export is aggregate only","unavailable in attached exports","0","0","yes","Benefits Command Center: Compare Pay and Workplace Benefits | Community Acquired Finance","Preview a sample Benefits Receipt, then build and compare pay, health plans, retirement benefits, PTO, employer contributions, vesting, and hidden benefits privately.","Understand what your job is actually worth—not just what it pays.","Preview a sample Benefits Receipt, then build and compare pay, health plans, retirement benefits, PTO, employer contributions, vesting, and hidden benefits privately.","general public","calculate, compare, or prepare","861 visible words plus interaction","not visible","not visible","4","16","30","15","30","BreadcrumbList; WebApplication","no exact metadata duplication detected","complete for final disposition","original interactive methodology and next-step guidance","retain","low"
"https://communityacquiredfinance.com/tools/childcare-benefits-decision-guide","guided tool","2. Strong interactive tool with adequate education","200","https://communityacquiredfinance.com/tools/childcare-benefits-decision-guide","https://communityacquiredfinance.com/tools/childcare-benefits-decision-guide","index, follow, max-image-preview:large","","yes","200 expected","https://communityacquiredfinance.com/tools/childcare-benefits-decision-guide","https://communityacquiredfinance.com/tools/childcare-benefits-decision-guide","index, follow, max-image-preview:large","","yes","URL-level status unavailable; coverage export is aggregate only","unavailable in attached exports","0","2","yes","Dependent Care FSA and Childcare Benefits Decision Guide | Community Acquired Finance","Coordinate a 2026 Dependent Care FSA, employer childcare help, predictable expenses, and federal tax-credit questions.","Dependent Care FSA and Childcare Benefits Decision Guide","Coordinate a 2026 Dependent Care FSA, employer childcare help, predictable expenses, and federal tax-credit questions.","general public","calculate, compare, or prepare","350 visible words plus interaction","not visible","not visible","0","2","23","2","23","BreadcrumbList; WebApplication","no exact metadata duplication detected","complete for final disposition","original interactive methodology and next-step guidance","retain","low"
"https://communityacquiredfinance.com/tools/debt-vs-retirement-router","guided tool","2. Strong interactive tool with adequate education","200","https://communityacquiredfinance.com/tools/debt-vs-retirement-router","https://communityacquiredfinance.com/tools/debt-vs-retirement-router","index, follow, max-image-preview:large","","yes","200 expected","https://communityacquiredfinance.com/tools/debt-vs-retirement-router","https://communityacquiredfinance.com/tools/debt-vs-retirement-router","index, follow, max-image-preview:large","","yes","URL-level status unavailable; coverage export is aggregate only","unavailable in attached exports","0","0","yes","Debt vs Retirement Contribution Decision Router | Community Acquired Finance","Order emergency savings, employer match, high-cost debt, federal loan protections, and sustainable retirement progress.","Debt vs Retirement Decision Router","Order emergency savings, employer match, high-cost debt, federal loan protections, and sustainable retirement progress.","general public","calculate, compare, or prepare","277 visible words plus interaction","not visible","not visible","0","1","23","1","23","BreadcrumbList; WebApplication","no exact metadata duplication detected","complete for final disposition","original interactive methodology and next-step guidance","retain","low"
"https://communityacquiredfinance.com/tools/employer-benefits-action-plan","guided tool","2. Strong interactive tool with adequate education","200","https://communityacquiredfinance.com/tools/employer-benefits-action-plan","https://communityacquiredfinance.com/tools/employer-benefits-action-plan","index, follow, max-image-preview:large","","yes","200 expected","https://communityacquiredfinance.com/tools/employer-benefits-action-plan","https://communityacquiredfinance.com/tools/employer-benefits-action-plan","index, follow, max-image-preview:large","","yes","URL-level status unavailable; coverage export is aggregate only","unavailable in attached exports","0","0","yes","Employer Benefits Action Plan | Community Acquired Finance","Combine employer retirement, health insurance, and HSA details into a prioritized, plain-English benefits action plan without connecting an HR portal.","Employer Benefits Action Plan","Combine employer retirement, health insurance, and HSA details into a prioritized, plain-English benefits action plan without connecting an HR portal.","general public","calculate, compare, or prepare","466 visible words plus interaction","not visible","July 10, 2026","4","6","27","5","27","BreadcrumbList; WebApplication","no exact metadata duplication detected","complete for final disposition","original interactive methodology and next-step guidance","retain","low"
"https://communityacquiredfinance.com/tools/eob-to-bill-match-checker","guided tool","2. Strong interactive tool with adequate education","200","https://communityacquiredfinance.com/tools/eob-to-bill-match-checker","https://communityacquiredfinance.com/tools/eob-to-bill-match-checker","index, follow, max-image-preview:large","","yes","200 expected","https://communityacquiredfinance.com/tools/eob-to-bill-match-checker","https://communityacquiredfinance.com/tools/eob-to-bill-match-checker","index, follow, max-image-preview:large","","yes","URL-level status unavailable; coverage export is aggregate only","unavailable in attached exports","0","6","yes","EOB to Medical Bill Match Checker | Community Acquired Finance","Compare a provider bill with an Explanation of Benefits to identify mismatched patient responsibility, allowed amounts, and insurer payments.","EOB-to-Bill Match Checker","Compare a provider bill with an Explanation of Benefits to identify mismatched patient responsibility, allowed amounts, and insurer payments.","patients, families, and caregivers","calculate, compare, or prepare","543 visible words plus interaction","not visible","not visible","3","12","27","12","27","BreadcrumbList; WebApplication","no exact metadata duplication detected","complete for final disposition","original interactive methodology and next-step guidance","retain","low"
"https://communityacquiredfinance.com/tools/financial-assistance-checklist","guided tool","2. Strong interactive tool with adequate education","200","https://communityacquiredfinance.com/tools/financial-assistance-checklist","https://communityacquiredfinance.com/tools/financial-assistance-checklist","index, follow, max-image-preview:large","","yes","200 expected","https://communityacquiredfinance.com/tools/financial-assistance-checklist","https://communityacquiredfinance.com/tools/financial-assistance-checklist","index, follow, max-image-preview:large","","yes","URL-level status unavailable; coverage export is aggregate only","unavailable in attached exports","0","1","yes","Financial Assistance Checklist | Community Acquired Finance","Prepare the documents and questions for hospital charity care or financial assistance.","Financial Assistance Checklist","Prepare the documents and questions for hospital charity care or financial assistance.","patients, families, and caregivers","calculate, compare, or prepare","439 visible words plus interaction","not visible","not visible","0","1","27","1","27","BreadcrumbList; WebApplication","no exact metadata duplication detected","complete for final disposition","original interactive methodology and next-step guidance","retain","low"
"https://communityacquiredfinance.com/tools/health-insurance-visit-cost-calculator","calculator","2. Strong interactive tool with adequate education","200","https://communityacquiredfinance.com/tools/health-insurance-visit-cost-calculator","https://communityacquiredfinance.com/tools/health-insurance-visit-cost-calculator","index, follow, max-image-preview:large","","yes","200 expected","https://communityacquiredfinance.com/tools/health-insurance-visit-cost-calculator","https://communityacquiredfinance.com/tools/health-insurance-visit-cost-calculator","index, follow, max-image-preview:large","","yes","URL-level status unavailable; coverage export is aggregate only","unavailable in attached exports","0","63","yes","Health Insurance Visit Cost Calculator | Community Acquired Finance","Estimate yearly cost across premiums, deductible, copays, coinsurance, visits, and remaining maximum room.","Health Insurance Visit Cost Calculator","Estimate yearly cost across premiums, deductible, copays, coinsurance, visits, and remaining maximum room.","general public","calculate, compare, or prepare","322 visible words plus interaction","not visible","not visible","0","1","27","1","27","BreadcrumbList; WebApplication","no exact metadata duplication detected","complete for final disposition","original interactive methodology and next-step guidance","retain","low"
"https://communityacquiredfinance.com/tools/healthcare-worker-benefits-blueprint","guided tool","2. Strong interactive tool with adequate education","200","https://communityacquiredfinance.com/tools/healthcare-worker-benefits-blueprint","https://communityacquiredfinance.com/tools/healthcare-worker-benefits-blueprint","index, follow, max-image-preview:large","","yes","200 expected","https://communityacquiredfinance.com/tools/healthcare-worker-benefits-blueprint","https://communityacquiredfinance.com/tools/healthcare-worker-benefits-blueprint","index, follow, max-image-preview:large","","yes","URL-level status unavailable; coverage export is aggregate only","unavailable in attached exports","0","0","yes","Healthcare Worker Benefits Blueprint | Community Acquired Finance","Build a goal-first workplace benefits blueprint for retirement contributions, health-plan fit, HSA questions, coverage tier, and open enrollment.","Healthcare Worker Benefits Blueprint","Build a goal-first workplace benefits blueprint for retirement contributions, health-plan fit, HSA questions, coverage tier, and open enrollment.","general public","calculate, compare, or prepare","446 visible words plus interaction","not visible","not visible","5","7","28","6","28","BreadcrumbList; WebApplication","no exact metadata duplication detected","complete for final disposition","original interactive methodology and next-step guidance","retain","low"
"https://communityacquiredfinance.com/tools/healthcare-worker-total-compensation-comparison","guided tool","2. Strong interactive tool with adequate education","200","https://communityacquiredfinance.com/tools/healthcare-worker-total-compensation-comparison","https://communityacquiredfinance.com/tools/healthcare-worker-total-compensation-comparison","index, follow, max-image-preview:large","","yes","200 expected","https://communityacquiredfinance.com/tools/healthcare-worker-total-compensation-comparison","https://communityacquiredfinance.com/tools/healthcare-worker-total-compensation-comparison","index, follow, max-image-preview:large","","yes","URL-level status unavailable; coverage export is aggregate only","unavailable in attached exports","1","6","yes","Healthcare Worker Total Compensation Calculator | Community Acquired Finance","Compare two healthcare jobs using salary or hourly pay, overtime, shift differentials, employer benefits, insurance premiums, commuting costs, PTO, and effective hourly value.","Compare two jobs by total compensation — not salary alone.","Compare two healthcare jobs using salary or hourly pay, overtime, shift differentials, employer benefits, insurance premiums, commuting costs, PTO, and effective hourly value.","general public","calculate, compare, or prepare","2036 visible words plus interaction","not visible","not visible","4","6","28","5","28","BreadcrumbList; WebApplication","no exact metadata duplication detected","complete for final disposition","original interactive methodology and next-step guidance","retain","low"
"https://communityacquiredfinance.com/tools/hospital-bill-review-checklist","guided tool","2. Strong interactive tool with adequate education","200","https://communityacquiredfinance.com/tools/hospital-bill-review-checklist","https://communityacquiredfinance.com/tools/hospital-bill-review-checklist","index, follow, max-image-preview:large","","yes","200 expected","https://communityacquiredfinance.com/tools/hospital-bill-review-checklist","https://communityacquiredfinance.com/tools/hospital-bill-review-checklist","index, follow, max-image-preview:large","","yes","URL-level status unavailable; coverage export is aggregate only","unavailable in attached exports","0","0","yes","Hospital Bill Review Checklist | Community Acquired Finance","Organize the first review of a large, confusing, or surprising healthcare balance.","Hospital Bill Review Checklist","Organize the first review of a large, confusing, or surprising healthcare balance.","general public","calculate, compare, or prepare","330 visible words plus interaction","not visible","not visible","0","3","28","3","28","BreadcrumbList; WebApplication","no exact metadata duplication detected","complete for final disposition","original interactive methodology and next-step guidance","retain","low"
"https://communityacquiredfinance.com/tools/hospital-cafe-savings-calculator","calculator","2. Strong interactive tool with adequate education","200","https://communityacquiredfinance.com/tools/hospital-cafe-savings-calculator","https://communityacquiredfinance.com/tools/hospital-cafe-savings-calculator","index, follow, max-image-preview:large","","yes","200 expected","https://communityacquiredfinance.com/tools/hospital-cafe-savings-calculator","https://communityacquiredfinance.com/tools/hospital-cafe-savings-calculator","index, follow, max-image-preview:large","","yes","URL-level status unavailable; coverage export is aggregate only","unavailable in attached exports","0","0","yes","Hospital Cafe Savings Rate Calculator | Community Acquired Finance","See what recurring shift spending adds up to and what redirecting part of it could become.","Hospital Cafe Savings Rate Calculator","See what recurring shift spending adds up to and what redirecting part of it could become.","general public","calculate, compare, or prepare","215 visible words plus interaction","not visible","not visible","0","1","24","1","24","BreadcrumbList; WebApplication","no exact metadata duplication detected","complete for final disposition","original interactive methodology and next-step guidance","retain","low"
"https://communityacquiredfinance.com/tools/hospital-discharge-medicare-checklist","guided tool","2. Strong interactive tool with adequate education","200","https://communityacquiredfinance.com/tools/hospital-discharge-medicare-checklist","https://communityacquiredfinance.com/tools/hospital-discharge-medicare-checklist","index, follow, max-image-preview:large","","yes","200 expected","https://communityacquiredfinance.com/tools/hospital-discharge-medicare-checklist","https://communityacquiredfinance.com/tools/hospital-discharge-medicare-checklist","index, follow, max-image-preview:large","","yes","URL-level status unavailable; coverage export is aggregate only","unavailable in attached exports","0","0","yes","Hospital Discharge Medicare Checklist | Community Acquired Finance","Use a step-by-step checklist to verify hospital status, rehab eligibility, authorization, networks, costs, and post-discharge coverage.","Hospital Discharge Medicare Checklist Tool","Use a step-by-step checklist to verify hospital status, rehab eligibility, authorization, networks, costs, and post-discharge coverage.","patients, families, and caregivers","calculate, compare, or prepare","815 visible words plus interaction","not visible","not visible","0","7","31","6","31","BreadcrumbList; WebApplication","no exact metadata duplication detected","complete for final disposition","original interactive methodology and next-step guidance","retain","low"
"https://communityacquiredfinance.com/tools/hsa-vs-fsa-decision-helper","guided tool","2. Strong interactive tool with adequate education","200","https://communityacquiredfinance.com/tools/hsa-vs-fsa-decision-helper","https://communityacquiredfinance.com/tools/hsa-vs-fsa-decision-helper","index, follow, max-image-preview:large","","yes","200 expected","https://communityacquiredfinance.com/tools/hsa-vs-fsa-decision-helper","https://communityacquiredfinance.com/tools/hsa-vs-fsa-decision-helper","index, follow, max-image-preview:large","","yes","URL-level status unavailable; coverage export is aggregate only","unavailable in attached exports","0","0","yes","HSA vs FSA Decision Helper | Community Acquired Finance","Compare tax savings, employer money, deductible risk, forfeiture risk, and provider needs.","HSA vs FSA Decision Helper","Compare tax savings, employer money, deductible risk, forfeiture risk, and provider needs.","general public","calculate, compare, or prepare","398 visible words plus interaction","not visible","not visible","0","1","27","1","27","BreadcrumbList; WebApplication","no exact metadata duplication detected","complete for final disposition","original interactive methodology and next-step guidance","retain","low"
"https://communityacquiredfinance.com/tools/medical-appointment-cost-preparation","guided tool","2. Strong interactive tool with adequate education","200","https://communityacquiredfinance.com/tools/medical-appointment-cost-preparation","https://communityacquiredfinance.com/tools/medical-appointment-cost-preparation","index, follow, max-image-preview:large","","yes","200 expected","https://communityacquiredfinance.com/tools/medical-appointment-cost-preparation","https://communityacquiredfinance.com/tools/medical-appointment-cost-preparation","index, follow, max-image-preview:large","","yes","URL-level status unavailable; coverage export is aggregate only","unavailable in attached exports","0","2","yes","Medical Appointment Cost Preparation Tool | Community Acquired Finance","Prepare network, authorization, estimate, facility-fee, separate-bill, payment, and financial-assistance questions before planned care.","Medical Appointment Cost Preparation","Prepare network, authorization, estimate, facility-fee, separate-bill, payment, and financial-assistance questions before planned care.","general public","calculate, compare, or prepare","372 visible words plus interaction","not visible","not visible","3","10","24","9","24","BreadcrumbList; WebApplication","no exact metadata duplication detected","complete for final disposition","original interactive methodology and next-step guidance","retain","low"
"https://communityacquiredfinance.com/tools/medical-bill-review-flow","guided tool","2. Strong interactive tool with adequate education","200","https://communityacquiredfinance.com/tools/medical-bill-review-flow","https://communityacquiredfinance.com/tools/medical-bill-review-flow","index, follow, max-image-preview:large","","yes","200 expected","https://communityacquiredfinance.com/tools/medical-bill-review-flow","https://communityacquiredfinance.com/tools/medical-bill-review-flow","index, follow, max-image-preview:large","","yes","URL-level status unavailable; coverage export is aggregate only","unavailable in attached exports","0","0","yes","Medical Bill Review Flow | Community Acquired Finance","Work through a confusing medical bill step by step using the EOB, itemized charges, network status, insurer processing, and financial assistance.","Medical Bill Review Flow","Work through a confusing medical bill step by step using the EOB, itemized charges, network status, insurer processing, and financial assistance.","general public","calculate, compare, or prepare","1007 visible words plus interaction","not visible","not visible","0","6","31","5","31","BreadcrumbList; WebApplication","no exact metadata duplication detected","complete for final disposition","original interactive methodology and next-step guidance","retain","low"
"https://communityacquiredfinance.com/tools/medicare-advantage-plan-helper","guided tool","2. Strong interactive tool with adequate education","200","https://communityacquiredfinance.com/tools/medicare-advantage-plan-helper","https://communityacquiredfinance.com/tools/medicare-advantage-plan-helper","index, follow, max-image-preview:large","","yes","200 expected","https://communityacquiredfinance.com/tools/medicare-advantage-plan-helper","https://communityacquiredfinance.com/tools/medicare-advantage-plan-helper","index, follow, max-image-preview:large","","yes","URL-level status unavailable; coverage export is aggregate only","unavailable in attached exports","0","4","yes","Medicare Advantage Plan Comparison Helper | Community Acquired Finance","Organize doctors, hospitals, prescriptions, networks, authorization rules, extra benefits, and maximum out-of-pocket exposure before comparing plans.","Medicare Advantage Plan Type Decision Helper","Organize doctors, hospitals, prescriptions, networks, authorization rules, extra benefits, and maximum out-of-pocket exposure before comparing plans.","patients, families, and caregivers","calculate, compare, or prepare","238 visible words plus interaction","not visible","not visible","1","4","30","4","30","BreadcrumbList; WebApplication","no exact metadata duplication detected","complete for final disposition","original interactive methodology and next-step guidance","retain","low"
"https://communityacquiredfinance.com/tools/medicare-cost-exposure-tool","guided tool","2. Strong interactive tool with adequate education","200","https://communityacquiredfinance.com/tools/medicare-cost-exposure-tool","https://communityacquiredfinance.com/tools/medicare-cost-exposure-tool","index, follow, max-image-preview:large","","yes","200 expected","https://communityacquiredfinance.com/tools/medicare-cost-exposure-tool","https://communityacquiredfinance.com/tools/medicare-cost-exposure-tool","index, follow, max-image-preview:large","","yes","URL-level status unavailable; coverage export is aggregate only","unavailable in attached exports","0","1","yes","Medicare Cost Exposure Tool | Community Acquired Finance","Create a rough planning snapshot for premiums, deductibles, prescriptions, and coinsurance.","Medicare Cost Exposure Tool","Create a rough planning snapshot for premiums, deductibles, prescriptions, and coinsurance.","general public","calculate, compare, or prepare","325 visible words plus interaction","not visible","not visible","0","1","26","1","26","BreadcrumbList; WebApplication","no exact metadata duplication detected","complete for final disposition","original interactive methodology and next-step guidance","retain","low"
"https://communityacquiredfinance.com/tools/medicare-medicaid-eligibility-check","guided tool","2. Strong interactive tool with adequate education","200","https://communityacquiredfinance.com/tools/medicare-medicaid-eligibility-check","https://communityacquiredfinance.com/tools/medicare-medicaid-eligibility-check","index, follow, max-image-preview:large","","yes","200 expected","https://communityacquiredfinance.com/tools/medicare-medicaid-eligibility-check","https://communityacquiredfinance.com/tools/medicare-medicaid-eligibility-check","index, follow, max-image-preview:large","","yes","URL-level status unavailable; coverage export is aggregate only","unavailable in attached exports","0","1","yes","Medicare and Medicaid Eligibility Check | Community Acquired Finance","Check possible Medicare, Medicaid, Medicare Savings Program, dual-eligibility, disability, pregnancy, child, and long-term-care pathways, then verify with official agencies.","Medicare and Medicaid Eligibility Check","Check possible Medicare, Medicaid, Medicare Savings Program, dual-eligibility, disability, pregnancy, child, and long-term-care pathways, then verify with official agencies.","patients, families, and caregivers","calculate, compare, or prepare","614 visible words plus interaction","not visible","July 10, 2026","8","8","25","7","25","BreadcrumbList; WebApplication","no exact metadata duplication detected","complete for final disposition","original interactive methodology and next-step guidance","retain","low"
"https://communityacquiredfinance.com/tools/medicare-plan-verification-checklist","guided tool","2. Strong interactive tool with adequate education","200","https://communityacquiredfinance.com/tools/medicare-plan-verification-checklist","https://communityacquiredfinance.com/tools/medicare-plan-verification-checklist","index, follow, max-image-preview:large","","yes","200 expected","https://communityacquiredfinance.com/tools/medicare-plan-verification-checklist","https://communityacquiredfinance.com/tools/medicare-plan-verification-checklist","index, follow, max-image-preview:large","","yes","URL-level status unavailable; coverage export is aggregate only","unavailable in attached exports","0","0","yes","Medicare Plan Verification Checklist | Community Acquired Finance","Verify providers, prescriptions, prior authorization, costs, travel, supplemental benefits, annual changes, and enrollment timing.","Medicare Plan Verification Checklist","Verify providers, prescriptions, prior authorization, costs, travel, supplemental benefits, annual changes, and enrollment timing.","general public","calculate, compare, or prepare","555 visible words plus interaction","not visible","not visible","3","2","24","2","24","BreadcrumbList; WebApplication","no exact metadata duplication detected","complete for final disposition","original interactive methodology and next-step guidance","retain","low"
"https://communityacquiredfinance.com/tools/obbb-overtime-deduction-estimator","calculator","2. Strong interactive tool with adequate education","200","https://communityacquiredfinance.com/tools/obbb-overtime-deduction-estimator","https://communityacquiredfinance.com/tools/obbb-overtime-deduction-estimator","index, follow, max-image-preview:large","","yes","200 expected","https://communityacquiredfinance.com/tools/obbb-overtime-deduction-estimator","https://communityacquiredfinance.com/tools/obbb-overtime-deduction-estimator","index, follow, max-image-preview:large","","yes","URL-level status unavailable; coverage export is aggregate only","unavailable in attached exports","0","0","yes","OBBB Overtime Deduction Estimator | Community Acquired Finance","Estimate qualifying overtime premium, the deduction cap, and rough federal income-tax savings.","OBBB Overtime Deduction Estimator","Estimate qualifying overtime premium, the deduction cap, and rough federal income-tax savings.","general public","calculate, compare, or prepare","404 visible words plus interaction","not visible","not visible","0","1","27","1","27","BreadcrumbList; WebApplication","no exact metadata duplication detected","complete for final disposition","original interactive methodology and next-step guidance","retain","low"
"https://communityacquiredfinance.com/tools/observation-vs-inpatient-status-guide","guided tool","2. Strong interactive tool with adequate education","200","https://communityacquiredfinance.com/tools/observation-vs-inpatient-status-guide","https://communityacquiredfinance.com/tools/observation-vs-inpatient-status-guide","index, follow, max-image-preview:large","","yes","200 expected","https://communityacquiredfinance.com/tools/observation-vs-inpatient-status-guide","https://communityacquiredfinance.com/tools/observation-vs-inpatient-status-guide","index, follow, max-image-preview:large","","yes","URL-level status unavailable; coverage export is aggregate only","unavailable in attached exports","0","3","yes","Observation vs Inpatient Hospital Status Guide | Community Acquired Finance","Prepare the written-status, notice, coverage, skilled-care, discharge, and deadline questions to ask the hospital and payer.","Observation vs Inpatient Status Guide","Prepare the written-status, notice, coverage, skilled-care, discharge, and deadline questions to ask the hospital and payer.","patients, families, and caregivers","calculate, compare, or prepare","287 visible words plus interaction","not visible","not visible","0","1","23","1","23","BreadcrumbList; WebApplication","no exact metadata duplication detected","complete for final disposition","original interactive methodology and next-step guidance","retain","low"
"https://communityacquiredfinance.com/tools/open-enrollment-final-checklist","guided tool","2. Strong interactive tool with adequate education","200","https://communityacquiredfinance.com/tools/open-enrollment-final-checklist","https://communityacquiredfinance.com/tools/open-enrollment-final-checklist","index, follow, max-image-preview:large","","yes","200 expected","https://communityacquiredfinance.com/tools/open-enrollment-final-checklist","https://communityacquiredfinance.com/tools/open-enrollment-final-checklist","index, follow, max-image-preview:large","","yes","URL-level status unavailable; coverage export is aggregate only","unavailable in attached exports","0","3","yes","Open Enrollment Final Checklist | Community Acquired Finance","Run a final, printable review of health, tax account, disability, life, and supplemental elections.","Open Enrollment Final Checklist","Run a final, printable review of health, tax account, disability, life, and supplemental elections.","general public","calculate, compare, or prepare","322 visible words plus interaction","not visible","not visible","0","4","26","4","26","BreadcrumbList; WebApplication","no exact metadata duplication detected","complete for final disposition","original interactive methodology and next-step guidance","retain","low"
"https://communityacquiredfinance.com/tools/open-enrollment-paycheck-impact-calculator","calculator","2. Strong interactive tool with adequate education","200","https://communityacquiredfinance.com/tools/open-enrollment-paycheck-impact-calculator","https://communityacquiredfinance.com/tools/open-enrollment-paycheck-impact-calculator","index, follow, max-image-preview:large","","yes","200 expected","https://communityacquiredfinance.com/tools/open-enrollment-paycheck-impact-calculator","https://communityacquiredfinance.com/tools/open-enrollment-paycheck-impact-calculator","index, follow, max-image-preview:large","","yes","URL-level status unavailable; coverage export is aggregate only","unavailable in attached exports","0","0","yes","Open Enrollment Paycheck Impact Calculator | Community Acquired Finance","Estimate how pre-tax and after-tax benefit elections may change take-home pay.","Open Enrollment Paycheck Impact Calculator","Estimate how pre-tax and after-tax benefit elections may change take-home pay.","general public","calculate, compare, or prepare","271 visible words plus interaction","not visible","not visible","0","1","27","1","27","BreadcrumbList; WebApplication","no exact metadata duplication detected","complete for final disposition","original interactive methodology and next-step guidance","retain","low"
"https://communityacquiredfinance.com/tools/open-enrollment-true-cost-calculator","calculator","2. Strong interactive tool with adequate education","200","https://communityacquiredfinance.com/tools/open-enrollment-true-cost-calculator","https://communityacquiredfinance.com/tools/open-enrollment-true-cost-calculator","index, follow, max-image-preview:large","","yes","200 expected","https://communityacquiredfinance.com/tools/open-enrollment-true-cost-calculator","https://communityacquiredfinance.com/tools/open-enrollment-true-cost-calculator","index, follow, max-image-preview:large","","yes","URL-level status unavailable; coverage export is aggregate only","unavailable in attached exports","0","65","yes","Open Enrollment True Cost Calculator | Community Acquired Finance","Compare health plans using premiums, expected care, employer contributions, deductible exposure, and worst-case annual cost.","Health Plan True Cost Calculator","Compare health plans using premiums, expected care, employer contributions, deductible exposure, and worst-case annual cost.","general public","calculate, compare, or prepare","594 visible words plus interaction","not visible","not visible","3","18","27","17","27","BreadcrumbList; WebApplication","no exact metadata duplication detected","complete for final disposition","original interactive methodology and next-step guidance","retain","low"
"https://communityacquiredfinance.com/tools/out-of-pocket-max-estimator","calculator","2. Strong interactive tool with adequate education","200","https://communityacquiredfinance.com/tools/out-of-pocket-max-estimator","https://communityacquiredfinance.com/tools/out-of-pocket-max-estimator","index, follow, max-image-preview:large","","yes","200 expected","https://communityacquiredfinance.com/tools/out-of-pocket-max-estimator","https://communityacquiredfinance.com/tools/out-of-pocket-max-estimator","index, follow, max-image-preview:large","","yes","URL-level status unavailable; coverage export is aggregate only","unavailable in attached exports","0","3","yes","Out-of-Pocket Maximum Estimator | Community Acquired Finance","Estimate remaining covered in-network cost-sharing exposure using deductible, copays, coinsurance, and current out-of-pocket progress.","Out-of-Pocket Max Estimate Calculator","Estimate remaining covered in-network cost-sharing exposure using deductible, copays, coinsurance, and current out-of-pocket progress.","general public","calculate, compare, or prepare","637 visible words plus interaction","not visible","not visible","3","22","25","22","25","BreadcrumbList; WebApplication","no exact metadata duplication detected","complete for final disposition","original interactive methodology and next-step guidance","retain","low"
"https://communityacquiredfinance.com/tools/prior-authorization-next-step-guide","guided tool","2. Strong interactive tool with adequate education","200","https://communityacquiredfinance.com/tools/prior-authorization-next-step-guide","https://communityacquiredfinance.com/tools/prior-authorization-next-step-guide","index, follow, max-image-preview:large","","yes","200 expected","https://communityacquiredfinance.com/tools/prior-authorization-next-step-guide","https://communityacquiredfinance.com/tools/prior-authorization-next-step-guide","index, follow, max-image-preview:large","","yes","URL-level status unavailable; coverage export is aggregate only","unavailable in attached exports","0","0","yes","Prior Authorization Next-Step Guide | Community Acquired Finance","Answer plain-English questions about a delayed, pending, or denied prior authorization and get a qualified action plan with provider questions, plan questions, documents, appeal checks, and official sources.","My prior authorization is delayed or denied. What should I do next?","Answer plain-English questions about a delayed, pending, or denied prior authorization and get a qualified action plan with provider questions, plan questions, documents, appeal checks, and official sources.","general public","calculate, compare, or prepare","368 visible words plus interaction","not visible","not visible","0","17","27","15","27","BreadcrumbList; WebApplication","no exact metadata duplication detected","complete for final disposition","original interactive methodology and next-step guidance","retain","low"
"https://communityacquiredfinance.com/tools/private-student-loan-payoff-calculator","calculator","2. Strong interactive tool with adequate education","200","https://communityacquiredfinance.com/tools/private-student-loan-payoff-calculator","https://communityacquiredfinance.com/tools/private-student-loan-payoff-calculator","index, follow, max-image-preview:large","","yes","200 expected","https://communityacquiredfinance.com/tools/private-student-loan-payoff-calculator","https://communityacquiredfinance.com/tools/private-student-loan-payoff-calculator","index, follow, max-image-preview:large","","yes","URL-level status unavailable; coverage export is aggregate only","unavailable in attached exports","0","1","yes","Private Student Loan Payoff Calculator | Community Acquired Finance","Compare minimum payments, extra payments, lump sums, and a possible refinance APR.","Private Student Loan Payoff Calculator","Compare minimum payments, extra payments, lump sums, and a possible refinance APR.","general public","calculate, compare, or prepare","252 visible words plus interaction","not visible","not visible","0","4","26","4","26","BreadcrumbList; WebApplication","no exact metadata duplication detected","complete for final disposition","original interactive methodology and next-step guidance","retain","low"
"https://communityacquiredfinance.com/tools/pslf-progress-estimator","calculator","2. Strong interactive tool with adequate education","200","https://communityacquiredfinance.com/tools/pslf-progress-estimator","https://communityacquiredfinance.com/tools/pslf-progress-estimator","index, follow, max-image-preview:large","","yes","200 expected","https://communityacquiredfinance.com/tools/pslf-progress-estimator","https://communityacquiredfinance.com/tools/pslf-progress-estimator","index, follow, max-image-preview:large","","yes","URL-level status unavailable; coverage export is aggregate only","unavailable in attached exports","0","2","yes","PSLF Progress Estimator | Community Acquired Finance","Estimate payments remaining to 120 and identify the records that still need official verification.","PSLF Progress Estimator","Estimate payments remaining to 120 and identify the records that still need official verification.","general public","calculate, compare, or prepare","258 visible words plus interaction","not visible","not visible","0","4","26","4","26","BreadcrumbList; WebApplication","no exact metadata duplication detected","complete for final disposition","original interactive methodology and next-step guidance","retain","low"
"https://communityacquiredfinance.com/tools/roth-vs-traditional-decision-helper","guided tool","2. Strong interactive tool with adequate education","200","https://communityacquiredfinance.com/tools/roth-vs-traditional-decision-helper","https://communityacquiredfinance.com/tools/roth-vs-traditional-decision-helper","index, follow, max-image-preview:large","","yes","200 expected","https://communityacquiredfinance.com/tools/roth-vs-traditional-decision-helper","https://communityacquiredfinance.com/tools/roth-vs-traditional-decision-helper","index, follow, max-image-preview:large","","yes","URL-level status unavailable; coverage export is aggregate only","unavailable in attached exports","0","0","yes","Roth vs Traditional Retirement Contribution Decision Helper | Community Acquired Finance","Compare current deduction value, possible future tax rates, pension income, cash flow, account mix, and retirement-access planning.","Roth vs Traditional Decision Helper","Compare current deduction value, possible future tax rates, pension income, cash flow, account mix, and retirement-access planning.","general public","calculate, compare, or prepare","316 visible words plus interaction","not visible","not visible","0","1","23","1","23","BreadcrumbList; WebApplication","no exact metadata duplication detected","complete for final disposition","original interactive methodology and next-step guidance","retain","low"
"https://communityacquiredfinance.com/tools/state-medicaid-long-term-care-router","guided tool","2. Strong interactive tool with adequate education","200","https://communityacquiredfinance.com/tools/state-medicaid-long-term-care-router","https://communityacquiredfinance.com/tools/state-medicaid-long-term-care-router","index, follow, max-image-preview:large","","yes","200 expected","https://communityacquiredfinance.com/tools/state-medicaid-long-term-care-router","https://communityacquiredfinance.com/tools/state-medicaid-long-term-care-router","index, follow, max-image-preview:large","","yes","URL-level status unavailable; coverage export is aggregate only","unavailable in attached exports","0","0","yes","State Medicaid and Long-Term Care Program Router | Community Acquired Finance","Find the official state starting point for Medicaid coverage, Medicare cost help, nursing-facility care, or home- and community-based services.","State Medicaid and Long-Term Care Program Router","Find the official state starting point for Medicaid coverage, Medicare cost help, nursing-facility care, or home- and community-based services.","patients, families, and caregivers","calculate, compare, or prepare","319 visible words plus interaction","not visible","not visible","0","2","24","2","24","BreadcrumbList; WebApplication","no exact metadata duplication detected","complete for final disposition","original interactive methodology and next-step guidance","retain","low"
"https://communityacquiredfinance.com/tools/student-loan-path-finder","guided tool","2. Strong interactive tool with adequate education","200","https://communityacquiredfinance.com/tools/student-loan-path-finder","https://communityacquiredfinance.com/tools/student-loan-path-finder","index, follow, max-image-preview:large","","yes","200 expected","https://communityacquiredfinance.com/tools/student-loan-path-finder","https://communityacquiredfinance.com/tools/student-loan-path-finder","index, follow, max-image-preview:large","","yes","URL-level status unavailable; coverage export is aggregate only","unavailable in attached exports","0","0","yes","Student Loan Path Finder | Community Acquired Finance","Separate federal forgiveness paths from private-loan payoff decisions before choosing a strategy.","Student Loan Path Finder","Separate federal forgiveness paths from private-loan payoff decisions before choosing a strategy.","general public","calculate, compare, or prepare","327 visible words plus interaction","not visible","not visible","0","4","26","4","26","BreadcrumbList; WebApplication","no exact metadata duplication detected","complete for final disposition","original interactive methodology and next-step guidance","retain","low"
"https://communityacquiredfinance.com/tools/student-loan-payment-calculator","calculator","2. Strong interactive tool with adequate education","200","https://communityacquiredfinance.com/tools/student-loan-payment-calculator","https://communityacquiredfinance.com/tools/student-loan-payment-calculator","index, follow, max-image-preview:large","","yes","200 expected","https://communityacquiredfinance.com/tools/student-loan-payment-calculator","https://communityacquiredfinance.com/tools/student-loan-payment-calculator","index, follow, max-image-preview:large","","yes","URL-level status unavailable; coverage export is aggregate only","unavailable in attached exports","0","39","yes","Student Loan Payment Calculator | Community Acquired Finance","Estimate monthly payment, total paid, and interest over time for a balance, APR, and term.","Student Loan Payment Calculator","Estimate monthly payment, total paid, and interest over time for a balance, APR, and term.","general public","calculate, compare, or prepare","206 visible words plus interaction","not visible","not visible","0","4","26","4","26","BreadcrumbList; WebApplication","no exact metadata duplication detected","complete for final disposition","original interactive methodology and next-step guidance","retain","low"
"https://communityacquiredfinance.com/tools/supplemental-benefits-decision-helper","guided tool","2. Strong interactive tool with adequate education","200","https://communityacquiredfinance.com/tools/supplemental-benefits-decision-helper","https://communityacquiredfinance.com/tools/supplemental-benefits-decision-helper","index, follow, max-image-preview:large","","yes","200 expected","https://communityacquiredfinance.com/tools/supplemental-benefits-decision-helper","https://communityacquiredfinance.com/tools/supplemental-benefits-decision-helper","index, follow, max-image-preview:large","","yes","URL-level status unavailable; coverage export is aggregate only","unavailable in attached exports","0","0","yes","Supplemental Benefits Decision Helper | Community Acquired Finance","Compare premiums and likely payout for accident, critical illness, and hospital indemnity coverage.","Supplemental Benefits Decision Helper","Compare premiums and likely payout for accident, critical illness, and hospital indemnity coverage.","patients, families, and caregivers","calculate, compare, or prepare","326 visible words plus interaction","not visible","not visible","0","2","27","2","27","BreadcrumbList; WebApplication","no exact metadata duplication detected","complete for final disposition","original interactive methodology and next-step guidance","retain","low"
"https://communityacquiredfinance.com/topics","directory","3. Legitimate navigational or trust page","200","https://communityacquiredfinance.com/topics","https://communityacquiredfinance.com/topics","index, follow, max-image-preview:large","","yes","200 expected","https://communityacquiredfinance.com/topics","https://communityacquiredfinance.com/topics","index, follow, max-image-preview:large","","yes","URL-level status unavailable; coverage export is aggregate only","unavailable in attached exports","1","21","yes","Financial and Healthcare Topic Guides | Community Acquired Finance","Explore organized guides for retirement accounts, workplace benefits, health insurance, medical costs, Medicare, Medicaid, and hospital economics.","Choose the financial or healthcare question you need to understand.","Explore organized guides for retirement accounts, workplace benefits, health insurance, medical costs, Medicare, Medicaid, and hospital economics.","patients, families, and caregivers","navigate or use a supporting resource","392 visible words","not visible","not visible","0","168","30","162","30","BreadcrumbList; CollectionPage","no exact metadata duplication detected","complete for final disposition","not applicable or not visibly asserted","retain","low"
"https://communityacquiredfinance.com/topics/behavior-burnout","topic guide","3. Legitimate navigational or trust page","200","https://communityacquiredfinance.com/topics/behavior-burnout","https://communityacquiredfinance.com/topics/behavior-burnout","index, follow, max-image-preview:large","","yes","200 expected","https://communityacquiredfinance.com/topics/behavior-burnout","https://communityacquiredfinance.com/topics/behavior-burnout","index, follow, max-image-preview:large","","yes","URL-level status unavailable; coverage export is aggregate only","unavailable in attached exports","0","0","yes","Behavior & Burnout Guide | Community Acquired Finance","Money habits that happen after hard shifts — without shame or fake discipline advice.","Behavior & Burnout","Money habits that happen after hard shifts — without shame or fake discipline advice.","general public","navigate or use a supporting resource","408 visible words","not visible","not visible","1","2","25","2","25","BreadcrumbList; CollectionPage","no exact metadata duplication detected","complete for final disposition","not applicable or not visibly asserted","retain","low"
"https://communityacquiredfinance.com/topics/discounts-perks","topic guide","3. Legitimate navigational or trust page","200","https://communityacquiredfinance.com/topics/discounts-perks","https://communityacquiredfinance.com/topics/discounts-perks","index, follow, max-image-preview:large","","yes","200 expected","https://communityacquiredfinance.com/topics/discounts-perks","https://communityacquiredfinance.com/topics/discounts-perks","index, follow, max-image-preview:large","","yes","URL-level status unavailable; coverage export is aggregate only","unavailable in attached exports","0","40","yes","Healthcare Worker Discounts & Perks Guide | Community Acquired Finance","Use discounts as a tool, not as a shopping trigger.","Healthcare Worker Discounts & Perks","Use discounts as a tool, not as a shopping trigger.","general public","navigate or use a supporting resource","229 visible words","not visible","not visible","1","2","24","2","24","BreadcrumbList; CollectionPage","no exact metadata duplication detected","complete for final disposition","not applicable or not visibly asserted","retain","medium"
"https://communityacquiredfinance.com/topics/health-insurance","topic guide","3. Legitimate navigational or trust page","200","https://communityacquiredfinance.com/topics/health-insurance","https://communityacquiredfinance.com/topics/health-insurance","index, follow, max-image-preview:large","","yes","200 expected","https://communityacquiredfinance.com/topics/health-insurance","https://communityacquiredfinance.com/topics/health-insurance","index, follow, max-image-preview:large","","yes","URL-level status unavailable; coverage export is aggregate only","unavailable in attached exports","0","13","yes","Health Insurance Guide | Community Acquired Finance","Premium, deductible, copay, coinsurance, out-of-pocket max — translated into normal English.","Health Insurance","Premium, deductible, copay, coinsurance, out-of-pocket max — translated into normal English.","general public","navigate or use a supporting resource","423 visible words","not visible","not visible","2","2","26","2","26","BreadcrumbList; CollectionPage","no exact metadata duplication detected","complete for final disposition","not applicable or not visibly asserted","retain","low"
"https://communityacquiredfinance.com/topics/hospital-economics","topic guide","3. Legitimate navigational or trust page","200","https://communityacquiredfinance.com/topics/hospital-economics","https://communityacquiredfinance.com/topics/hospital-economics","index, follow, max-image-preview:large","","yes","200 expected","https://communityacquiredfinance.com/topics/hospital-economics","https://communityacquiredfinance.com/topics/hospital-economics","index, follow, max-image-preview:large","","yes","URL-level status unavailable; coverage export is aggregate only","unavailable in attached exports","0","42","yes","Hospital Economics Guide | Community Acquired Finance","Why hospitals make decisions that feel confusing from the bedside or the bill.","Hospital Economics","Why hospitals make decisions that feel confusing from the bedside or the bill.","patients, families, and caregivers","navigate or use a supporting resource","251 visible words","not visible","not visible","2","1","24","1","24","BreadcrumbList; CollectionPage","no exact metadata duplication detected","complete for final disposition","not applicable or not visibly asserted","retain","low"
"https://communityacquiredfinance.com/topics/medicare-care-costs","topic guide","9. Legacy route","308","/medicare-care-costs","","","","no","308 expected","https://communityacquiredfinance.com/medicare-care-costs","","","","no","excluded by final redirect","unavailable in attached exports","0","0","not applicable","","","Redirecting (308)","topic guide for Community Acquired Finance visitors","general public","navigate or use a supporting resource","0 visible words","not applicable","not visible","0","0","1","0","0","none","legacy or inactive route consolidated","complete for final disposition","not applicable or not visibly asserted","redirect","low after remediation"
"https://communityacquiredfinance.com/topics/medicare-medicaid","topic guide","3. Legitimate navigational or trust page","200","https://communityacquiredfinance.com/topics/medicare-medicaid","https://communityacquiredfinance.com/topics/medicare-medicaid","index, follow, max-image-preview:large","","yes","200 expected","https://communityacquiredfinance.com/topics/medicare-medicaid","https://communityacquiredfinance.com/topics/medicare-medicaid","index, follow, max-image-preview:large","","yes","URL-level status unavailable; coverage export is aggregate only","unavailable in attached exports","0","19","yes","Medicare & Medicaid Guide | Community Acquired Finance","A quick guide to what each program does, how Medicare's parts fit together, and where long-term care gaps can appear.","Medicare & Medicaid","A quick guide to what each program does, how Medicare's parts fit together, and where long-term care gaps can appear.","patients, families, and caregivers","navigate or use a supporting resource","1443 visible words","not visible","not visible","14","2","38","1","38","BreadcrumbList; CollectionPage","no exact metadata duplication detected","complete for final disposition","not applicable or not visibly asserted","retain","low"
"https://communityacquiredfinance.com/topics/patient-medical-costs","topic guide","3. Legitimate navigational or trust page","200","https://communityacquiredfinance.com/topics/patient-medical-costs","https://communityacquiredfinance.com/topics/patient-medical-costs","index, follow, max-image-preview:large","","yes","200 expected","https://communityacquiredfinance.com/topics/patient-medical-costs","https://communityacquiredfinance.com/topics/patient-medical-costs","index, follow, max-image-preview:large","","yes","URL-level status unavailable; coverage export is aggregate only","unavailable in attached exports","0","15","yes","Patient Medical Costs Guide | Community Acquired Finance","Hospital bills, EOBs, surprise charges — what's normal, what isn't, and what to ask.","Patient Medical Costs","Hospital bills, EOBs, surprise charges — what's normal, what isn't, and what to ask.","patients, families, and caregivers","navigate or use a supporting resource","444 visible words","not visible","not visible","3","2","25","2","25","BreadcrumbList; CollectionPage","no exact metadata duplication detected","complete for final disposition","not applicable or not visibly asserted","retain","low"
"https://communityacquiredfinance.com/topics/retirement-accounts","topic guide","3. Legitimate navigational or trust page","200","https://communityacquiredfinance.com/topics/retirement-accounts","https://communityacquiredfinance.com/topics/retirement-accounts","index, follow, max-image-preview:large","","yes","200 expected","https://communityacquiredfinance.com/topics/retirement-accounts","https://communityacquiredfinance.com/topics/retirement-accounts","index, follow, max-image-preview:large","","yes","URL-level status unavailable; coverage export is aggregate only","unavailable in attached exports","0","12","yes","Retirement Accounts Guide | Community Acquired Finance","403(b), 401(a), 457(b), Roth vs Traditional — the workplace retirement vocabulary in plain English.","Retirement Accounts","403(b), 401(a), 457(b), Roth vs Traditional — the workplace retirement vocabulary in plain English.","general public","navigate or use a supporting resource","489 visible words","not visible","not visible","2","2","27","2","27","BreadcrumbList; CollectionPage","no exact metadata duplication detected","complete for final disposition","not applicable or not visibly asserted","retain","low"
"https://communityacquiredfinance.com/topics/workplace-benefits","topic guide","3. Legitimate navigational or trust page","200","https://communityacquiredfinance.com/topics/workplace-benefits","https://communityacquiredfinance.com/topics/workplace-benefits","index, follow, max-image-preview:large","","yes","200 expected","https://communityacquiredfinance.com/topics/workplace-benefits","https://communityacquiredfinance.com/topics/workplace-benefits","index, follow, max-image-preview:large","","yes","URL-level status unavailable; coverage export is aggregate only","unavailable in attached exports","0","6","yes","Healthcare Worker Benefits Hub Guide | Community Acquired Finance","Move from match and paycheck decisions to health-plan math, HSA or FSA choices, disability coverage, life insurance, and beneficiaries in one connected path.","Healthcare Worker Benefits Hub","Move from match and paycheck decisions to health-plan math, HSA or FSA choices, disability coverage, life insurance, and beneficiaries in one connected path.","general public","navigate or use a supporting resource","845 visible words","not visible","not visible","2","2","37","2","37","BreadcrumbList; CollectionPage","no exact metadata duplication detected","complete for final disposition","not applicable or not visibly asserted","retain","low"
